file_name,type,n_semitones,rate,preset,y_id,y
Albums-Latin_Jam4-08_93,Rumba,-2.0,1.4142135623730951,3,5,Tango
Albums-Latin_Jam4-08_85,Rumba,2.0,1.0,1,5,Tango
Albums-Latin_Jam4-08_119,Rumba,2.0,1.4142135623730951,5,5,Tango
Albums-Latin_Jam4-08_46,Rumba,0.0,0.7071067811865476,2,7,Waltz
Albums-Latin_Jam4-08_11,Rumba,-1.0,0.5,5,7,Waltz
Albums-Latin_Jam4-08_135,Rumba,0.0,2.0,3,3,Rumba
Albums-Latin_Jam4-08_07,Rumba,-1.0,0.5,1,7,Waltz
Albums-Latin_Jam4-08_123,Rumba,-2.0,2.0,3,5,Tango
Albums-Latin_Jam4-08_50,Rumba,1.0,0.7071067811865476,0,7,Waltz
Albums-Latin_Jam4-08_103,Rumba,0.0,1.4142135623730951,1,2,Quickstep
Albums-Latin_Jam4-08_27,Rumba,2.0,0.5,3,7,Waltz
Albums-Latin_Jam4-08_70,Rumba,-1.0,1.0,2,5,Tango
Albums-Latin_Jam4-08_142,Rumba,1.0,2.0,2,4,Samba
Albums-Latin_Jam4-08_89,Rumba,2.0,1.0,5,5,Tango
Albums-Latin_Jam4-08_66,Rumba,-1.0,1.0,4,5,Tango
Albums-Latin_Jam4-08_115,Rumba,2.0,1.4142135623730951,1,5,Tango
Albums-Latin_Jam4-08_31,Rumba,-2.0,0.7071067811865476,1,7,Waltz
Albums-Latin_Jam4-08_139,Rumba,1.0,2.0,1,4,Samba
Albums-Latin_Jam4-08_138,Rumba,1.0,2.0,4,1,Jive
Albums-Latin_Jam4-08_114,Rumba,2.0,1.4142135623730951,4,5,Tango
Albums-Latin_Jam4-08_30,Rumba,-2.0,0.7071067811865476,4,7,Waltz
Albums-Latin_Jam4-08_143,Rumba,1.0,2.0,5,4,Samba
Albums-Latin_Jam4-08_88,Rumba,2.0,1.0,2,5,Tango
Albums-Latin_Jam4-08_67,Rumba,-1.0,1.0,1,5,Tango
Albums-Latin_Jam4-08_71,Rumba,-1.0,1.0,5,5,Tango
Albums-Latin_Jam4-08_102,Rumba,0.0,1.4142135623730951,4,2,Quickstep
Albums-Latin_Jam4-08_26,Rumba,2.0,0.5,0,7,Waltz
Albums-Latin_Jam4-08_51,Rumba,1.0,0.7071067811865476,3,7,Waltz
Albums-Latin_Jam4-08_06,Rumba,-1.0,0.5,4,7,Waltz
Albums-Latin_Jam4-08_122,Rumba,-2.0,2.0,0,5,Tango
Albums-Latin_Jam4-08_10,Rumba,-1.0,0.5,2,7,Waltz
Albums-Latin_Jam4-08_134,Rumba,0.0,2.0,0,3,Rumba
Albums-Latin_Jam4-08_47,Rumba,0.0,0.7071067811865476,5,7,Waltz
Albums-Latin_Jam4-08_118,Rumba,2.0,1.4142135623730951,2,5,Tango
Albums-Latin_Jam4-08_84,Rumba,2.0,1.0,4,5,Tango
Albums-Latin_Jam4-08_92,Rumba,-2.0,1.4142135623730951,0,5,Tango
Albums-Latin_Jam4-08_105,Rumba,0.0,1.4142135623730951,3,2,Quickstep
Albums-Latin_Jam4-08_21,Rumba,1.0,0.5,3,7,Waltz
Albums-Latin_Jam4-08_99,Rumba,-1.0,1.4142135623730951,3,0,ChaChaCha
Albums-Latin_Jam4-08_76,Rumba,0.0,1.0,2,0,ChaChaCha
Albums-Latin_Jam4-08_144,Rumba,2.0,2.0,4,3,Rumba
Albums-Latin_Jam4-08_60,Rumba,-2.0,1.0,4,5,Tango
Albums-Latin_Jam4-08_113,Rumba,1.0,1.4142135623730951,5,2,Quickstep
Albums-Latin_Jam4-08_37,Rumba,-1.0,0.7071067811865476,1,7,Waltz
Albums-Latin_Jam4-08_129,Rumba,-1.0,2.0,3,4,Samba
Albums-Latin_Jam4-08_109,Rumba,1.0,1.4142135623730951,1,2,Quickstep
Albums-Latin_Jam4-08_95,Rumba,-2.0,1.4142135623730951,5,5,Tango
Albums-Latin_Jam4-08_83,Rumba,1.0,1.0,5,5,Tango
Albums-Latin_Jam4-08_148,Rumba,2.0,2.0,2,3,Rumba
Albums-Latin_Jam4-08_40,Rumba,-1.0,0.7071067811865476,2,7,Waltz
Albums-Latin_Jam4-08_17,Rumba,0.0,0.5,5,7,Waltz
Albums-Latin_Jam4-08_133,Rumba,0.0,2.0,1,3,Rumba
Albums-Latin_Jam4-08_01,Rumba,-2.0,0.5,1,7,Waltz
Albums-Latin_Jam4-08_125,Rumba,-2.0,2.0,5,5,Tango
Albums-Latin_Jam4-08_56,Rumba,2.0,0.7071067811865476,0,7,Waltz
Albums-Latin_Jam4-08_57,Rumba,2.0,0.7071067811865476,3,7,Waltz
Albums-Latin_Jam4-08_00,Rumba,-2.0,0.5,4,7,Waltz
Albums-Latin_Jam4-08_124,Rumba,-2.0,2.0,2,5,Tango
Albums-Latin_Jam4-08_16,Rumba,0.0,0.5,2,7,Waltz
Albums-Latin_Jam4-08_132,Rumba,0.0,2.0,4,1,Jive
Albums-Latin_Jam4-08_41,Rumba,-1.0,0.7071067811865476,5,7,Waltz
Albums-Latin_Jam4-08_82,Rumba,1.0,1.0,2,5,Tango
Albums-Latin_Jam4-08_149,Rumba,2.0,2.0,5,3,Rumba
Albums-Latin_Jam4-08_94,Rumba,-2.0,1.4142135623730951,2,5,Tango
Albums-Latin_Jam4-08_108,Rumba,1.0,1.4142135623730951,4,1,Jive
Albums-Latin_Jam4-08_128,Rumba,-1.0,2.0,0,4,Samba
Albums-Latin_Jam4-08_112,Rumba,1.0,1.4142135623730951,2,1,Jive
Albums-Latin_Jam4-08_36,Rumba,-1.0,0.7071067811865476,4,7,Waltz
Albums-Latin_Jam4-08_145,Rumba,2.0,2.0,1,3,Rumba
Albums-Latin_Jam4-08_61,Rumba,-2.0,1.0,1,5,Tango
Albums-Latin_Jam4-08_98,Rumba,-1.0,1.4142135623730951,0,0,ChaChaCha
Albums-Latin_Jam4-08_77,Rumba,0.0,1.0,5,0,ChaChaCha
Albums-Latin_Jam4-08_104,Rumba,0.0,1.4142135623730951,0,2,Quickstep
Albums-Latin_Jam4-08_20,Rumba,1.0,0.5,0,7,Waltz
Albums-Latin_Jam4-08_58,Rumba,2.0,0.7071067811865476,2,7,Waltz
Albums-Latin_Jam4-08_19,Rumba,1.0,0.5,1,7,Waltz
Albums-Latin_Jam4-08_35,Rumba,-2.0,0.7071067811865476,5,7,Waltz
Albums-Latin_Jam4-08_111,Rumba,1.0,1.4142135623730951,3,2,Quickstep
Albums-Latin_Jam4-08_62,Rumba,-2.0,1.0,0,5,Tango
Albums-Latin_Jam4-08_146,Rumba,2.0,2.0,0,3,Rumba
Albums-Latin_Jam4-08_74,Rumba,0.0,1.0,0,0,ChaChaCha
Albums-Latin_Jam4-08_23,Rumba,1.0,0.5,5,7,Waltz
Albums-Latin_Jam4-08_107,Rumba,0.0,1.4142135623730951,5,2,Quickstep
Albums-Latin_Jam4-08_54,Rumba,2.0,0.7071067811865476,4,7,Waltz
Albums-Latin_Jam4-08_127,Rumba,-1.0,2.0,1,4,Samba
Albums-Latin_Jam4-08_03,Rumba,-2.0,0.5,3,7,Waltz
Albums-Latin_Jam4-08_131,Rumba,-1.0,2.0,5,4,Samba
Albums-Latin_Jam4-08_15,Rumba,0.0,0.5,3,7,Waltz
Albums-Latin_Jam4-08_42,Rumba,0.0,0.7071067811865476,4,7,Waltz
Albums-Latin_Jam4-08_39,Rumba,-1.0,0.7071067811865476,3,7,Waltz
Albums-Latin_Jam4-08_81,Rumba,1.0,1.0,3,5,Tango
Albums-Latin_Jam4-08_78,Rumba,1.0,1.0,4,5,Tango
Albums-Latin_Jam4-08_97,Rumba,-1.0,1.4142135623730951,1,0,ChaChaCha
Albums-Latin_Jam4-08_79,Rumba,1.0,1.0,1,5,Tango
Albums-Latin_Jam4-08_96,Rumba,-1.0,1.4142135623730951,4,5,Tango
Albums-Latin_Jam4-08_80,Rumba,1.0,1.0,0,5,Tango
Albums-Latin_Jam4-08_38,Rumba,-1.0,0.7071067811865476,0,7,Waltz
Albums-Latin_Jam4-08_43,Rumba,0.0,0.7071067811865476,1,7,Waltz
Albums-Latin_Jam4-08_130,Rumba,-1.0,2.0,2,4,Samba
Albums-Latin_Jam4-08_14,Rumba,0.0,0.5,0,7,Waltz
Albums-Latin_Jam4-08_126,Rumba,-1.0,2.0,4,5,Tango
Albums-Latin_Jam4-08_02,Rumba,-2.0,0.5,0,7,Waltz
Albums-Latin_Jam4-08_55,Rumba,2.0,0.7071067811865476,1,7,Waltz
Albums-Latin_Jam4-08_22,Rumba,1.0,0.5,2,7,Waltz
Albums-Latin_Jam4-08_106,Rumba,0.0,1.4142135623730951,2,2,Quickstep
Albums-Latin_Jam4-08_75,Rumba,0.0,1.0,3,0,ChaChaCha
Albums-Latin_Jam4-08_63,Rumba,-2.0,1.0,3,5,Tango
Albums-Latin_Jam4-08_147,Rumba,2.0,2.0,3,3,Rumba
Albums-Latin_Jam4-08_34,Rumba,-2.0,0.7071067811865476,2,7,Waltz
Albums-Latin_Jam4-08_110,Rumba,1.0,1.4142135623730951,0,2,Quickstep
Albums-Latin_Jam4-08_18,Rumba,1.0,0.5,4,7,Waltz
Albums-Latin_Jam4-08_59,Rumba,2.0,0.7071067811865476,5,7,Waltz
Albums-Latin_Jam4-08_52,Rumba,1.0,0.7071067811865476,2,7,Waltz
Albums-Latin_Jam4-08_121,Rumba,-2.0,2.0,1,5,Tango
Albums-Latin_Jam4-08_05,Rumba,-2.0,0.5,5,7,Waltz
Albums-Latin_Jam4-08_137,Rumba,0.0,2.0,5,3,Rumba
Albums-Latin_Jam4-08_13,Rumba,0.0,0.5,1,7,Waltz
Albums-Latin_Jam4-08_44,Rumba,0.0,0.7071067811865476,0,7,Waltz
Albums-Latin_Jam4-08_68,Rumba,-1.0,1.0,0,5,Tango
Albums-Latin_Jam4-08_87,Rumba,2.0,1.0,3,5,Tango
Albums-Latin_Jam4-08_91,Rumba,-2.0,1.4142135623730951,1,5,Tango
Albums-Latin_Jam4-08_29,Rumba,2.0,0.5,5,7,Waltz
Albums-Latin_Jam4-08_09,Rumba,-1.0,0.5,3,7,Waltz
Albums-Latin_Jam4-08_48,Rumba,1.0,0.7071067811865476,4,7,Waltz
Albums-Latin_Jam4-08_33,Rumba,-2.0,0.7071067811865476,3,7,Waltz
Albums-Latin_Jam4-08_117,Rumba,2.0,1.4142135623730951,3,5,Tango
Albums-Latin_Jam4-08_64,Rumba,-2.0,1.0,2,5,Tango
Albums-Latin_Jam4-08_140,Rumba,1.0,2.0,0,4,Samba
Albums-Latin_Jam4-08_72,Rumba,0.0,1.0,4,5,Tango
Albums-Latin_Jam4-08_25,Rumba,2.0,0.5,1,7,Waltz
Albums-Latin_Jam4-08_101,Rumba,-1.0,1.4142135623730951,5,0,ChaChaCha
Albums-Latin_Jam4-08_24,Rumba,2.0,0.5,4,7,Waltz
Albums-Latin_Jam4-08_100,Rumba,-1.0,1.4142135623730951,2,5,Tango
Albums-Latin_Jam4-08_73,Rumba,0.0,1.0,1,0,ChaChaCha
Albums-Latin_Jam4-08_65,Rumba,-2.0,1.0,5,5,Tango
Albums-Latin_Jam4-08_141,Rumba,1.0,2.0,3,4,Samba
Albums-Latin_Jam4-08_32,Rumba,-2.0,0.7071067811865476,0,7,Waltz
Albums-Latin_Jam4-08_116,Rumba,2.0,1.4142135623730951,0,5,Tango
Albums-Latin_Jam4-08_49,Rumba,1.0,0.7071067811865476,1,7,Waltz
Albums-Latin_Jam4-08_08,Rumba,-1.0,0.5,0,7,Waltz
Albums-Latin_Jam4-08_28,Rumba,2.0,0.5,2,7,Waltz
Albums-Latin_Jam4-08_90,Rumba,-2.0,1.4142135623730951,4,5,Tango
Albums-Latin_Jam4-08_69,Rumba,-1.0,1.0,3,5,Tango
Albums-Latin_Jam4-08_86,Rumba,2.0,1.0,0,5,Tango
Albums-Latin_Jam4-08_45,Rumba,0.0,0.7071067811865476,3,7,Waltz
Albums-Latin_Jam4-08_136,Rumba,0.0,2.0,2,2,Quickstep
Albums-Latin_Jam4-08_12,Rumba,0.0,0.5,4,7,Waltz
Albums-Latin_Jam4-08_120,Rumba,-2.0,2.0,4,5,Tango
Albums-Latin_Jam4-08_04,Rumba,-2.0,0.5,2,7,Waltz
Albums-Latin_Jam4-08_53,Rumba,1.0,0.7071067811865476,5,7,Waltz
Media-105001_19,Waltz,1.0,0.5,1,2,Quickstep
Media-105001_101,Waltz,-1.0,1.4142135623730951,5,7,Waltz
Media-105001_117,Waltz,2.0,1.4142135623730951,3,7,Waltz
Media-105001_58,Waltz,2.0,0.7071067811865476,2,7,Waltz
Media-105001_140,Waltz,1.0,2.0,0,7,Waltz
Media-105001_23,Waltz,1.0,0.5,5,2,Quickstep
Media-105001_74,Waltz,0.0,1.0,0,7,Waltz
Media-105001_62,Waltz,-2.0,1.0,0,7,Waltz
Media-105001_35,Waltz,-2.0,0.7071067811865476,5,7,Waltz
Media-105001_42,Waltz,0.0,0.7071067811865476,4,7,Waltz
Media-105001_15,Waltz,0.0,0.5,3,2,Quickstep
Media-105001_03,Waltz,-2.0,0.5,3,7,Waltz
Media-105001_54,Waltz,2.0,0.7071067811865476,4,7,Waltz
Media-105001_137,Waltz,0.0,2.0,5,7,Waltz
Media-105001_78,Waltz,1.0,1.0,4,7,Waltz
Media-105001_97,Waltz,-1.0,1.4142135623730951,1,7,Waltz
Media-105001_81,Waltz,1.0,1.0,3,7,Waltz
Media-105001_39,Waltz,-1.0,0.7071067811865476,3,7,Waltz
Media-105001_121,Waltz,-2.0,2.0,1,7,Waltz
Media-105001_38,Waltz,-1.0,0.7071067811865476,0,7,Waltz
Media-105001_120,Waltz,-2.0,2.0,4,7,Waltz
Media-105001_80,Waltz,1.0,1.0,0,7,Waltz
Media-105001_79,Waltz,1.0,1.0,1,7,Waltz
Media-105001_96,Waltz,-1.0,1.4142135623730951,4,7,Waltz
Media-105001_136,Waltz,0.0,2.0,2,7,Waltz
Media-105001_55,Waltz,2.0,0.7071067811865476,1,7,Waltz
Media-105001_02,Waltz,-2.0,0.5,0,7,Waltz
Media-105001_14,Waltz,0.0,0.5,0,2,Quickstep
Media-105001_43,Waltz,0.0,0.7071067811865476,1,7,Waltz
Media-105001_34,Waltz,-2.0,0.7071067811865476,2,7,Waltz
Media-105001_63,Waltz,-2.0,1.0,3,7,Waltz
Media-105001_75,Waltz,0.0,1.0,3,7,Waltz
Media-105001_22,Waltz,1.0,0.5,2,7,Waltz
Media-105001_59,Waltz,2.0,0.7071067811865476,5,7,Waltz
Media-105001_141,Waltz,1.0,2.0,3,7,Waltz
Media-105001_116,Waltz,2.0,1.4142135623730951,0,7,Waltz
Media-105001_18,Waltz,1.0,0.5,4,7,Waltz
Media-105001_100,Waltz,-1.0,1.4142135623730951,2,7,Waltz
Media-105001_44,Waltz,0.0,0.7071067811865476,0,7,Waltz
Media-105001_13,Waltz,0.0,0.5,1,2,Quickstep
Media-105001_05,Waltz,-2.0,0.5,5,7,Waltz
Media-105001_52,Waltz,1.0,0.7071067811865476,2,7,Waltz
Media-105001_29,Waltz,2.0,0.5,5,2,Quickstep
Media-105001_131,Waltz,-1.0,2.0,5,7,Waltz
Media-105001_91,Waltz,-2.0,1.4142135623730951,1,7,Waltz
Media-105001_68,Waltz,-1.0,1.0,0,7,Waltz
Media-105001_87,Waltz,2.0,1.0,3,7,Waltz
Media-105001_127,Waltz,-1.0,2.0,1,7,Waltz
Media-105001_48,Waltz,1.0,0.7071067811865476,4,7,Waltz
Media-105001_107,Waltz,0.0,1.4142135623730951,5,7,Waltz
Media-105001_09,Waltz,-1.0,0.5,3,2,Quickstep
Media-105001_111,Waltz,1.0,1.4142135623730951,3,7,Waltz
Media-105001_146,Waltz,2.0,2.0,0,7,Waltz
Media-105001_25,Waltz,2.0,0.5,1,2,Quickstep
Media-105001_72,Waltz,0.0,1.0,4,7,Waltz
Media-105001_64,Waltz,-2.0,1.0,2,7,Waltz
Media-105001_33,Waltz,-2.0,0.7071067811865476,3,7,Waltz
Media-105001_32,Waltz,-2.0,0.7071067811865476,0,7,Waltz
Media-105001_65,Waltz,-2.0,1.0,5,7,Waltz
Media-105001_73,Waltz,0.0,1.0,1,7,Waltz
Media-105001_24,Waltz,2.0,0.5,4,2,Quickstep
Media-105001_147,Waltz,2.0,2.0,3,7,Waltz
Media-105001_08,Waltz,-1.0,0.5,0,2,Quickstep
Media-105001_110,Waltz,1.0,1.4142135623730951,0,7,Waltz
Media-105001_106,Waltz,0.0,1.4142135623730951,2,7,Waltz
Media-105001_49,Waltz,1.0,0.7071067811865476,1,7,Waltz
Media-105001_126,Waltz,-1.0,2.0,4,7,Waltz
Media-105001_69,Waltz,-1.0,1.0,3,7,Waltz
Media-105001_86,Waltz,2.0,1.0,0,7,Waltz
Media-105001_90,Waltz,-2.0,1.4142135623730951,4,7,Waltz
Media-105001_28,Waltz,2.0,0.5,2,7,Waltz
Media-105001_130,Waltz,-1.0,2.0,2,7,Waltz
Media-105001_53,Waltz,1.0,0.7071067811865476,5,7,Waltz
Media-105001_04,Waltz,-2.0,0.5,2,7,Waltz
Media-105001_12,Waltz,0.0,0.5,4,2,Quickstep
Media-105001_45,Waltz,0.0,0.7071067811865476,3,7,Waltz
Media-105001_125,Waltz,-2.0,2.0,5,7,Waltz
Media-105001_85,Waltz,2.0,1.0,1,7,Waltz
Media-105001_93,Waltz,-2.0,1.4142135623730951,3,7,Waltz
Media-105001_133,Waltz,0.0,2.0,1,7,Waltz
Media-105001_148,Waltz,2.0,2.0,2,7,Waltz
Media-105001_50,Waltz,1.0,0.7071067811865476,0,7,Waltz
Media-105001_07,Waltz,-1.0,0.5,1,2,Quickstep
Media-105001_109,Waltz,1.0,1.4142135623730951,1,7,Waltz
Media-105001_11,Waltz,-1.0,0.5,5,2,Quickstep
Media-105001_46,Waltz,0.0,0.7071067811865476,2,7,Waltz
Media-105001_129,Waltz,-1.0,2.0,3,7,Waltz
Media-105001_31,Waltz,-2.0,0.7071067811865476,1,7,Waltz
Media-105001_89,Waltz,2.0,1.0,5,7,Waltz
Media-105001_66,Waltz,-1.0,1.0,4,7,Waltz
Media-105001_70,Waltz,-1.0,1.0,2,7,Waltz
Media-105001_27,Waltz,2.0,0.5,3,2,Quickstep
Media-105001_144,Waltz,2.0,2.0,4,7,Waltz
Media-105001_113,Waltz,1.0,1.4142135623730951,5,7,Waltz
Media-105001_105,Waltz,0.0,1.4142135623730951,3,7,Waltz
Media-105001_104,Waltz,0.0,1.4142135623730951,0,7,Waltz
Media-105001_112,Waltz,1.0,1.4142135623730951,2,7,Waltz
Media-105001_145,Waltz,2.0,2.0,1,7,Waltz
Media-105001_26,Waltz,2.0,0.5,0,2,Quickstep
Media-105001_71,Waltz,-1.0,1.0,5,7,Waltz
Media-105001_88,Waltz,2.0,1.0,2,7,Waltz
Media-105001_67,Waltz,-1.0,1.0,1,7,Waltz
Media-105001_128,Waltz,-1.0,2.0,0,7,Waltz
Media-105001_30,Waltz,-2.0,0.7071067811865476,4,7,Waltz
Media-105001_47,Waltz,0.0,0.7071067811865476,5,7,Waltz
Media-105001_108,Waltz,1.0,1.4142135623730951,4,7,Waltz
Media-105001_10,Waltz,-1.0,0.5,2,2,Quickstep
Media-105001_06,Waltz,-1.0,0.5,4,2,Quickstep
Media-105001_149,Waltz,2.0,2.0,5,7,Waltz
Media-105001_51,Waltz,1.0,0.7071067811865476,3,7,Waltz
Media-105001_132,Waltz,0.0,2.0,4,7,Waltz
Media-105001_92,Waltz,-2.0,1.4142135623730951,0,7,Waltz
Media-105001_84,Waltz,2.0,1.0,4,7,Waltz
Media-105001_124,Waltz,-2.0,2.0,2,7,Waltz
Media-105001_37,Waltz,-1.0,0.7071067811865476,1,7,Waltz
Media-105001_60,Waltz,-2.0,1.0,4,7,Waltz
Media-105001_99,Waltz,-1.0,1.4142135623730951,3,7,Waltz
Media-105001_76,Waltz,0.0,1.0,2,7,Waltz
Media-105001_139,Waltz,1.0,2.0,1,7,Waltz
Media-105001_21,Waltz,1.0,0.5,3,2,Quickstep
Media-105001_142,Waltz,1.0,2.0,2,7,Waltz
Media-105001_115,Waltz,2.0,1.4142135623730951,1,7,Waltz
Media-105001_103,Waltz,0.0,1.4142135623730951,1,7,Waltz
Media-105001_123,Waltz,-2.0,2.0,3,7,Waltz
Media-105001_83,Waltz,1.0,1.0,5,7,Waltz
Media-105001_95,Waltz,-2.0,1.4142135623730951,5,7,Waltz
Media-105001_135,Waltz,0.0,2.0,3,7,Waltz
Media-105001_56,Waltz,2.0,0.7071067811865476,0,7,Waltz
Media-105001_119,Waltz,2.0,1.4142135623730951,5,7,Waltz
Media-105001_01,Waltz,-2.0,0.5,1,7,Waltz
Media-105001_17,Waltz,0.0,0.5,5,2,Quickstep
Media-105001_40,Waltz,-1.0,0.7071067811865476,2,7,Waltz
Media-105001_41,Waltz,-1.0,0.7071067811865476,5,7,Waltz
Media-105001_16,Waltz,0.0,0.5,2,2,Quickstep
Media-105001_118,Waltz,2.0,1.4142135623730951,2,7,Waltz
Media-105001_00,Waltz,-2.0,0.5,4,7,Waltz
Media-105001_57,Waltz,2.0,0.7071067811865476,3,7,Waltz
Media-105001_134,Waltz,0.0,2.0,0,7,Waltz
Media-105001_94,Waltz,-2.0,1.4142135623730951,2,7,Waltz
Media-105001_82,Waltz,1.0,1.0,2,7,Waltz
Media-105001_122,Waltz,-2.0,2.0,0,7,Waltz
Media-105001_102,Waltz,0.0,1.4142135623730951,4,7,Waltz
Media-105001_114,Waltz,2.0,1.4142135623730951,4,7,Waltz
Media-105001_143,Waltz,1.0,2.0,5,7,Waltz
Media-105001_138,Waltz,1.0,2.0,4,7,Waltz
Media-105001_20,Waltz,1.0,0.5,0,2,Quickstep
Media-105001_98,Waltz,-1.0,1.4142135623730951,0,7,Waltz
Media-105001_77,Waltz,0.0,1.0,5,7,Waltz
Media-105001_61,Waltz,-2.0,1.0,1,7,Waltz
Media-105001_36,Waltz,-1.0,0.7071067811865476,4,7,Waltz
Media-104810_32,VienneseWaltz,-2.0,0.7071067811865476,0,5,Tango
Media-104810_65,VienneseWaltz,-2.0,1.0,5,7,Waltz
Media-104810_73,VienneseWaltz,0.0,1.0,1,7,Waltz
Media-104810_119,VienneseWaltz,2.0,1.4142135623730951,5,7,Waltz
Media-104810_24,VienneseWaltz,2.0,0.5,4,7,Waltz
Media-104810_135,VienneseWaltz,0.0,2.0,3,7,Waltz
Media-104810_08,VienneseWaltz,-1.0,0.5,0,7,Waltz
Media-104810_123,VienneseWaltz,-2.0,2.0,3,5,Tango
Media-104810_49,VienneseWaltz,1.0,0.7071067811865476,1,7,Waltz
Media-104810_103,VienneseWaltz,0.0,1.4142135623730951,1,7,Waltz
Media-104810_69,VienneseWaltz,-1.0,1.0,3,7,Waltz
Media-104810_86,VienneseWaltz,2.0,1.0,0,7,Waltz
Media-104810_90,VienneseWaltz,-2.0,1.4142135623730951,4,7,Waltz
Media-104810_142,VienneseWaltz,1.0,2.0,2,5,Tango
Media-104810_28,VienneseWaltz,2.0,0.5,2,7,Waltz
Media-104810_115,VienneseWaltz,2.0,1.4142135623730951,1,7,Waltz
Media-104810_53,VienneseWaltz,1.0,0.7071067811865476,5,7,Waltz
Media-104810_04,VienneseWaltz,-2.0,0.5,2,5,Tango
Media-104810_139,VienneseWaltz,1.0,2.0,1,5,Tango
Media-104810_12,VienneseWaltz,0.0,0.5,4,7,Waltz
Media-104810_45,VienneseWaltz,0.0,0.7071067811865476,3,7,Waltz
Media-104810_44,VienneseWaltz,0.0,0.7071067811865476,0,7,Waltz
Media-104810_13,VienneseWaltz,0.0,0.5,1,7,Waltz
Media-104810_138,VienneseWaltz,1.0,2.0,4,5,Tango
Media-104810_05,VienneseWaltz,-2.0,0.5,5,5,Tango
Media-104810_52,VienneseWaltz,1.0,0.7071067811865476,2,7,Waltz
Media-104810_114,VienneseWaltz,2.0,1.4142135623730951,4,6,VienneseWaltz
Media-104810_29,VienneseWaltz,2.0,0.5,5,7,Waltz
Media-104810_143,VienneseWaltz,1.0,2.0,5,5,Tango
Media-104810_91,VienneseWaltz,-2.0,1.4142135623730951,1,7,Waltz
Media-104810_68,VienneseWaltz,-1.0,1.0,0,7,Waltz
Media-104810_87,VienneseWaltz,2.0,1.0,3,7,Waltz
Media-104810_102,VienneseWaltz,0.0,1.4142135623730951,4,7,Waltz
Media-104810_48,VienneseWaltz,1.0,0.7071067811865476,4,5,Tango
Media-104810_122,VienneseWaltz,-2.0,2.0,0,5,Tango
Media-104810_09,VienneseWaltz,-1.0,0.5,3,7,Waltz
Media-104810_134,VienneseWaltz,0.0,2.0,0,7,Waltz
Media-104810_25,VienneseWaltz,2.0,0.5,1,7,Waltz
Media-104810_118,VienneseWaltz,2.0,1.4142135623730951,2,6,VienneseWaltz
Media-104810_72,VienneseWaltz,0.0,1.0,4,7,Waltz
Media-104810_64,VienneseWaltz,-2.0,1.0,2,7,Waltz
Media-104810_33,VienneseWaltz,-2.0,0.7071067811865476,3,5,Tango
Media-104810_38,VienneseWaltz,-1.0,0.7071067811865476,0,7,Waltz
Media-104810_105,VienneseWaltz,0.0,1.4142135623730951,3,7,Waltz
Media-104810_80,VienneseWaltz,1.0,1.0,0,7,Waltz
Media-104810_79,VienneseWaltz,1.0,1.0,1,7,Waltz
Media-104810_96,VienneseWaltz,-1.0,1.4142135623730951,4,7,Waltz
Media-104810_144,VienneseWaltz,2.0,2.0,4,5,Tango
Media-104810_113,VienneseWaltz,1.0,1.4142135623730951,5,7,Waltz
Media-104810_55,VienneseWaltz,2.0,0.7071067811865476,1,7,Waltz
Media-104810_02,VienneseWaltz,-2.0,0.5,0,5,Tango
Media-104810_14,VienneseWaltz,0.0,0.5,0,7,Waltz
Media-104810_129,VienneseWaltz,-1.0,2.0,3,5,Tango
Media-104810_43,VienneseWaltz,0.0,0.7071067811865476,1,7,Waltz
Media-104810_109,VienneseWaltz,1.0,1.4142135623730951,1,7,Waltz
Media-104810_34,VienneseWaltz,-2.0,0.7071067811865476,2,5,Tango
Media-104810_63,VienneseWaltz,-2.0,1.0,3,7,Waltz
Media-104810_148,VienneseWaltz,2.0,2.0,2,5,Tango
Media-104810_75,VienneseWaltz,0.0,1.0,3,7,Waltz
Media-104810_22,VienneseWaltz,1.0,0.5,2,3,Rumba
Media-104810_59,VienneseWaltz,2.0,0.7071067811865476,5,7,Waltz
Media-104810_133,VienneseWaltz,0.0,2.0,1,7,Waltz
Media-104810_125,VienneseWaltz,-2.0,2.0,5,5,Tango
Media-104810_18,VienneseWaltz,1.0,0.5,4,3,Rumba
Media-104810_19,VienneseWaltz,1.0,0.5,1,7,Waltz
Media-104810_124,VienneseWaltz,-2.0,2.0,2,5,Tango
Media-104810_132,VienneseWaltz,0.0,2.0,4,7,Waltz
Media-104810_58,VienneseWaltz,2.0,0.7071067811865476,2,7,Waltz
Media-104810_23,VienneseWaltz,1.0,0.5,5,7,Waltz
Media-104810_74,VienneseWaltz,0.0,1.0,0,7,Waltz
Media-104810_149,VienneseWaltz,2.0,2.0,5,5,Tango
Media-104810_62,VienneseWaltz,-2.0,1.0,0,7,Waltz
Media-104810_35,VienneseWaltz,-2.0,0.7071067811865476,5,5,Tango
Media-104810_108,VienneseWaltz,1.0,1.4142135623730951,4,7,Waltz
Media-104810_42,VienneseWaltz,0.0,0.7071067811865476,4,7,Waltz
Media-104810_128,VienneseWaltz,-1.0,2.0,0,5,Tango
Media-104810_15,VienneseWaltz,0.0,0.5,3,7,Waltz
Media-104810_03,VienneseWaltz,-2.0,0.5,3,5,Tango
Media-104810_54,VienneseWaltz,2.0,0.7071067811865476,4,7,Waltz
Media-104810_112,VienneseWaltz,1.0,1.4142135623730951,2,7,Waltz
Media-104810_145,VienneseWaltz,2.0,2.0,1,5,Tango
Media-104810_78,VienneseWaltz,1.0,1.0,4,7,Waltz
Media-104810_97,VienneseWaltz,-1.0,1.4142135623730951,1,7,Waltz
Media-104810_81,VienneseWaltz,1.0,1.0,3,7,Waltz
Media-104810_104,VienneseWaltz,0.0,1.4142135623730951,0,7,Waltz
Media-104810_39,VienneseWaltz,-1.0,0.7071067811865476,3,7,Waltz
Media-104810_41,VienneseWaltz,-1.0,0.7071067811865476,5,7,Waltz
Media-104810_16,VienneseWaltz,0.0,0.5,2,7,Waltz
Media-104810_00,VienneseWaltz,-2.0,0.5,4,5,Tango
Media-104810_57,VienneseWaltz,2.0,0.7071067811865476,3,7,Waltz
Media-104810_111,VienneseWaltz,1.0,1.4142135623730951,3,7,Waltz
Media-104810_146,VienneseWaltz,2.0,2.0,0,5,Tango
Media-104810_94,VienneseWaltz,-2.0,1.4142135623730951,2,7,Waltz
Media-104810_82,VienneseWaltz,1.0,1.0,2,7,Waltz
Media-104810_107,VienneseWaltz,0.0,1.4142135623730951,5,7,Waltz
Media-104810_127,VienneseWaltz,-1.0,2.0,1,5,Tango
Media-104810_131,VienneseWaltz,-1.0,2.0,5,5,Tango
Media-104810_20,VienneseWaltz,1.0,0.5,0,7,Waltz
Media-104810_98,VienneseWaltz,-1.0,1.4142135623730951,0,7,Waltz
Media-104810_77,VienneseWaltz,0.0,1.0,5,7,Waltz
Media-104810_61,VienneseWaltz,-2.0,1.0,1,7,Waltz
Media-104810_36,VienneseWaltz,-1.0,0.7071067811865476,4,7,Waltz
Media-104810_37,VienneseWaltz,-1.0,0.7071067811865476,1,7,Waltz
Media-104810_60,VienneseWaltz,-2.0,1.0,4,7,Waltz
Media-104810_99,VienneseWaltz,-1.0,1.4142135623730951,3,7,Waltz
Media-104810_76,VienneseWaltz,0.0,1.0,2,7,Waltz
Media-104810_21,VienneseWaltz,1.0,0.5,3,7,Waltz
Media-104810_130,VienneseWaltz,-1.0,2.0,2,5,Tango
Media-104810_126,VienneseWaltz,-1.0,2.0,4,5,Tango
Media-104810_106,VienneseWaltz,0.0,1.4142135623730951,2,7,Waltz
Media-104810_83,VienneseWaltz,1.0,1.0,5,7,Waltz
Media-104810_95,VienneseWaltz,-2.0,1.4142135623730951,5,7,Waltz
Media-104810_147,VienneseWaltz,2.0,2.0,3,5,Tango
Media-104810_110,VienneseWaltz,1.0,1.4142135623730951,0,7,Waltz
Media-104810_56,VienneseWaltz,2.0,0.7071067811865476,0,7,Waltz
Media-104810_01,VienneseWaltz,-2.0,0.5,1,5,Tango
Media-104810_17,VienneseWaltz,0.0,0.5,5,7,Waltz
Media-104810_40,VienneseWaltz,-1.0,0.7071067811865476,2,7,Waltz
Media-104810_121,VienneseWaltz,-2.0,2.0,1,5,Tango
Media-104810_137,VienneseWaltz,0.0,2.0,5,7,Waltz
Media-104810_26,VienneseWaltz,2.0,0.5,0,7,Waltz
Media-104810_71,VienneseWaltz,-1.0,1.0,5,7,Waltz
Media-104810_88,VienneseWaltz,2.0,1.0,2,7,Waltz
Media-104810_67,VienneseWaltz,-1.0,1.0,1,7,Waltz
Media-104810_30,VienneseWaltz,-2.0,0.7071067811865476,4,5,Tango
Media-104810_47,VienneseWaltz,0.0,0.7071067811865476,5,7,Waltz
Media-104810_10,VienneseWaltz,-1.0,0.5,2,7,Waltz
Media-104810_06,VienneseWaltz,-1.0,0.5,4,7,Waltz
Media-104810_51,VienneseWaltz,1.0,0.7071067811865476,3,7,Waltz
Media-104810_117,VienneseWaltz,2.0,1.4142135623730951,3,7,Waltz
Media-104810_140,VienneseWaltz,1.0,2.0,0,5,Tango
Media-104810_92,VienneseWaltz,-2.0,1.4142135623730951,0,7,Waltz
Media-104810_84,VienneseWaltz,2.0,1.0,4,7,Waltz
Media-104810_101,VienneseWaltz,-1.0,1.4142135623730951,5,7,Waltz
Media-104810_100,VienneseWaltz,-1.0,1.4142135623730951,2,7,Waltz
Media-104810_85,VienneseWaltz,2.0,1.0,1,7,Waltz
Media-104810_93,VienneseWaltz,-2.0,1.4142135623730951,3,7,Waltz
Media-104810_141,VienneseWaltz,1.0,2.0,3,5,Tango
Media-104810_116,VienneseWaltz,2.0,1.4142135623730951,0,7,Waltz
Media-104810_50,VienneseWaltz,1.0,0.7071067811865476,0,7,Waltz
Media-104810_07,VienneseWaltz,-1.0,0.5,1,7,Waltz
Media-104810_11,VienneseWaltz,-1.0,0.5,5,7,Waltz
Media-104810_46,VienneseWaltz,0.0,0.7071067811865476,2,7,Waltz
Media-104810_31,VienneseWaltz,-2.0,0.7071067811865476,1,5,Tango
Media-104810_89,VienneseWaltz,2.0,1.0,5,7,Waltz
Media-104810_66,VienneseWaltz,-1.0,1.0,4,7,Waltz
Media-104810_70,VienneseWaltz,-1.0,1.0,2,7,Waltz
Media-104810_27,VienneseWaltz,2.0,0.5,3,7,Waltz
Media-104810_136,VienneseWaltz,0.0,2.0,2,7,Waltz
Media-104810_120,VienneseWaltz,-2.0,2.0,4,5,Tango
Albums-Mambo_Kings-03_130,ChaChaCha,-1.0,2.0,2,6,VienneseWaltz
Albums-Mambo_Kings-03_126,ChaChaCha,-1.0,2.0,4,6,VienneseWaltz
Albums-Mambo_Kings-03_88,ChaChaCha,2.0,1.0,2,2,Quickstep
Albums-Mambo_Kings-03_67,ChaChaCha,-1.0,1.0,1,5,Tango
Albums-Mambo_Kings-03_30,ChaChaCha,-2.0,0.7071067811865476,4,5,Tango
Albums-Mambo_Kings-03_26,ChaChaCha,2.0,0.5,0,5,Tango
Albums-Mambo_Kings-03_71,ChaChaCha,-1.0,1.0,5,5,Tango
Albums-Mambo_Kings-03_06,ChaChaCha,-1.0,0.5,4,5,Tango
Albums-Mambo_Kings-03_51,ChaChaCha,1.0,0.7071067811865476,3,5,Tango
Albums-Mambo_Kings-03_47,ChaChaCha,0.0,0.7071067811865476,5,2,Quickstep
Albums-Mambo_Kings-03_10,ChaChaCha,-1.0,0.5,2,5,Tango
Albums-Mambo_Kings-03_106,ChaChaCha,0.0,1.4142135623730951,2,5,Tango
Albums-Mambo_Kings-03_84,ChaChaCha,2.0,1.0,4,2,Quickstep
Albums-Mambo_Kings-03_147,ChaChaCha,2.0,2.0,3,1,Jive
Albums-Mambo_Kings-03_110,ChaChaCha,1.0,1.4142135623730951,0,5,Tango
Albums-Mambo_Kings-03_92,ChaChaCha,-2.0,1.4142135623730951,0,5,Tango
Albums-Mambo_Kings-03_93,ChaChaCha,-2.0,1.4142135623730951,3,5,Tango
Albums-Mambo_Kings-03_111,ChaChaCha,1.0,1.4142135623730951,3,5,Tango
Albums-Mambo_Kings-03_146,ChaChaCha,2.0,2.0,0,1,Jive
Albums-Mambo_Kings-03_85,ChaChaCha,2.0,1.0,1,2,Quickstep
Albums-Mambo_Kings-03_107,ChaChaCha,0.0,1.4142135623730951,5,2,Quickstep
Albums-Mambo_Kings-03_11,ChaChaCha,-1.0,0.5,5,5,Tango
Albums-Mambo_Kings-03_46,ChaChaCha,0.0,0.7071067811865476,2,2,Quickstep
Albums-Mambo_Kings-03_50,ChaChaCha,1.0,0.7071067811865476,0,5,Tango
Albums-Mambo_Kings-03_07,ChaChaCha,-1.0,0.5,1,5,Tango
Albums-Mambo_Kings-03_70,ChaChaCha,-1.0,1.0,2,5,Tango
Albums-Mambo_Kings-03_27,ChaChaCha,2.0,0.5,3,5,Tango
Albums-Mambo_Kings-03_31,ChaChaCha,-2.0,0.7071067811865476,1,5,Tango
Albums-Mambo_Kings-03_89,ChaChaCha,2.0,1.0,5,2,Quickstep
Albums-Mambo_Kings-03_66,ChaChaCha,-1.0,1.0,4,5,Tango
Albums-Mambo_Kings-03_127,ChaChaCha,-1.0,2.0,1,6,VienneseWaltz
Albums-Mambo_Kings-03_131,ChaChaCha,-1.0,2.0,5,6,VienneseWaltz
Albums-Mambo_Kings-03_00,ChaChaCha,-2.0,0.5,4,5,Tango
Albums-Mambo_Kings-03_57,ChaChaCha,2.0,0.7071067811865476,3,5,Tango
Albums-Mambo_Kings-03_41,ChaChaCha,-1.0,0.7071067811865476,5,5,Tango
Albums-Mambo_Kings-03_16,ChaChaCha,0.0,0.5,2,5,Tango
Albums-Mambo_Kings-03_100,ChaChaCha,-1.0,1.4142135623730951,2,5,Tango
Albums-Mambo_Kings-03_82,ChaChaCha,1.0,1.0,2,5,Tango
Albums-Mambo_Kings-03_141,ChaChaCha,1.0,2.0,3,6,VienneseWaltz
Albums-Mambo_Kings-03_116,ChaChaCha,2.0,1.4142135623730951,0,0,ChaChaCha
Albums-Mambo_Kings-03_94,ChaChaCha,-2.0,1.4142135623730951,2,5,Tango
Albums-Mambo_Kings-03_136,ChaChaCha,0.0,2.0,2,1,Jive
Albums-Mambo_Kings-03_120,ChaChaCha,-2.0,2.0,4,6,VienneseWaltz
Albums-Mambo_Kings-03_61,ChaChaCha,-2.0,1.0,1,5,Tango
Albums-Mambo_Kings-03_36,ChaChaCha,-1.0,0.7071067811865476,4,5,Tango
Albums-Mambo_Kings-03_20,ChaChaCha,1.0,0.5,0,5,Tango
Albums-Mambo_Kings-03_98,ChaChaCha,-1.0,1.4142135623730951,0,5,Tango
Albums-Mambo_Kings-03_77,ChaChaCha,0.0,1.0,5,5,Tango
Albums-Mambo_Kings-03_99,ChaChaCha,-1.0,1.4142135623730951,3,5,Tango
Albums-Mambo_Kings-03_76,ChaChaCha,0.0,1.0,2,5,Tango
Albums-Mambo_Kings-03_21,ChaChaCha,1.0,0.5,3,5,Tango
Albums-Mambo_Kings-03_37,ChaChaCha,-1.0,0.7071067811865476,1,5,Tango
Albums-Mambo_Kings-03_60,ChaChaCha,-2.0,1.0,4,5,Tango
Albums-Mambo_Kings-03_121,ChaChaCha,-2.0,2.0,1,6,VienneseWaltz
Albums-Mambo_Kings-03_137,ChaChaCha,0.0,2.0,5,1,Jive
Albums-Mambo_Kings-03_95,ChaChaCha,-2.0,1.4142135623730951,5,5,Tango
Albums-Mambo_Kings-03_117,ChaChaCha,2.0,1.4142135623730951,3,0,ChaChaCha
Albums-Mambo_Kings-03_140,ChaChaCha,1.0,2.0,0,6,VienneseWaltz
Albums-Mambo_Kings-03_83,ChaChaCha,1.0,1.0,5,5,Tango
Albums-Mambo_Kings-03_101,ChaChaCha,-1.0,1.4142135623730951,5,5,Tango
Albums-Mambo_Kings-03_17,ChaChaCha,0.0,0.5,5,5,Tango
Albums-Mambo_Kings-03_40,ChaChaCha,-1.0,0.7071067811865476,2,5,Tango
Albums-Mambo_Kings-03_56,ChaChaCha,2.0,0.7071067811865476,0,5,Tango
Albums-Mambo_Kings-03_01,ChaChaCha,-2.0,0.5,1,5,Tango
Albums-Mambo_Kings-03_79,ChaChaCha,1.0,1.0,1,5,Tango
Albums-Mambo_Kings-03_96,ChaChaCha,-1.0,1.4142135623730951,4,5,Tango
Albums-Mambo_Kings-03_114,ChaChaCha,2.0,1.4142135623730951,4,0,ChaChaCha
Albums-Mambo_Kings-03_143,ChaChaCha,1.0,2.0,5,6,VienneseWaltz
Albums-Mambo_Kings-03_38,ChaChaCha,-1.0,0.7071067811865476,0,5,Tango
Albums-Mambo_Kings-03_80,ChaChaCha,1.0,1.0,0,5,Tango
Albums-Mambo_Kings-03_102,ChaChaCha,0.0,1.4142135623730951,4,5,Tango
Albums-Mambo_Kings-03_14,ChaChaCha,0.0,0.5,0,5,Tango
Albums-Mambo_Kings-03_43,ChaChaCha,0.0,0.7071067811865476,1,2,Quickstep
Albums-Mambo_Kings-03_55,ChaChaCha,2.0,0.7071067811865476,1,5,Tango
Albums-Mambo_Kings-03_138,ChaChaCha,1.0,2.0,4,6,VienneseWaltz
Albums-Mambo_Kings-03_02,ChaChaCha,-2.0,0.5,0,5,Tango
Albums-Mambo_Kings-03_118,ChaChaCha,2.0,1.4142135623730951,2,0,ChaChaCha
Albums-Mambo_Kings-03_75,ChaChaCha,0.0,1.0,3,5,Tango
Albums-Mambo_Kings-03_22,ChaChaCha,1.0,0.5,2,5,Tango
Albums-Mambo_Kings-03_34,ChaChaCha,-2.0,0.7071067811865476,2,5,Tango
Albums-Mambo_Kings-03_63,ChaChaCha,-2.0,1.0,3,5,Tango
Albums-Mambo_Kings-03_18,ChaChaCha,1.0,0.5,4,5,Tango
Albums-Mambo_Kings-03_122,ChaChaCha,-2.0,2.0,0,6,VienneseWaltz
Albums-Mambo_Kings-03_134,ChaChaCha,0.0,2.0,0,1,Jive
Albums-Mambo_Kings-03_59,ChaChaCha,2.0,0.7071067811865476,5,5,Tango
Albums-Mambo_Kings-03_58,ChaChaCha,2.0,0.7071067811865476,2,5,Tango
Albums-Mambo_Kings-03_135,ChaChaCha,0.0,2.0,3,1,Jive
Albums-Mambo_Kings-03_123,ChaChaCha,-2.0,2.0,3,6,VienneseWaltz
Albums-Mambo_Kings-03_19,ChaChaCha,1.0,0.5,1,5,Tango
Albums-Mambo_Kings-03_62,ChaChaCha,-2.0,1.0,0,5,Tango
Albums-Mambo_Kings-03_35,ChaChaCha,-2.0,0.7071067811865476,5,5,Tango
Albums-Mambo_Kings-03_23,ChaChaCha,1.0,0.5,5,5,Tango
Albums-Mambo_Kings-03_74,ChaChaCha,0.0,1.0,0,5,Tango
Albums-Mambo_Kings-03_119,ChaChaCha,2.0,1.4142135623730951,5,0,ChaChaCha
Albums-Mambo_Kings-03_03,ChaChaCha,-2.0,0.5,3,5,Tango
Albums-Mambo_Kings-03_139,ChaChaCha,1.0,2.0,1,6,VienneseWaltz
Albums-Mambo_Kings-03_54,ChaChaCha,2.0,0.7071067811865476,4,5,Tango
Albums-Mambo_Kings-03_42,ChaChaCha,0.0,0.7071067811865476,4,2,Quickstep
Albums-Mambo_Kings-03_15,ChaChaCha,0.0,0.5,3,5,Tango
Albums-Mambo_Kings-03_103,ChaChaCha,0.0,1.4142135623730951,1,2,Quickstep
Albums-Mambo_Kings-03_81,ChaChaCha,1.0,1.0,3,5,Tango
Albums-Mambo_Kings-03_39,ChaChaCha,-1.0,0.7071067811865476,3,5,Tango
Albums-Mambo_Kings-03_142,ChaChaCha,1.0,2.0,2,6,VienneseWaltz
Albums-Mambo_Kings-03_115,ChaChaCha,2.0,1.4142135623730951,1,0,ChaChaCha
Albums-Mambo_Kings-03_78,ChaChaCha,1.0,1.0,4,5,Tango
Albums-Mambo_Kings-03_97,ChaChaCha,-1.0,1.4142135623730951,1,5,Tango
Albums-Mambo_Kings-03_73,ChaChaCha,0.0,1.0,1,5,Tango
Albums-Mambo_Kings-03_149,ChaChaCha,2.0,2.0,5,1,Jive
Albums-Mambo_Kings-03_24,ChaChaCha,2.0,0.5,4,5,Tango
Albums-Mambo_Kings-03_32,ChaChaCha,-2.0,0.7071067811865476,0,5,Tango
Albums-Mambo_Kings-03_108,ChaChaCha,1.0,1.4142135623730951,4,5,Tango
Albums-Mambo_Kings-03_65,ChaChaCha,-2.0,1.0,5,5,Tango
Albums-Mambo_Kings-03_124,ChaChaCha,-2.0,2.0,2,6,VienneseWaltz
Albums-Mambo_Kings-03_49,ChaChaCha,1.0,0.7071067811865476,1,5,Tango
Albums-Mambo_Kings-03_132,ChaChaCha,0.0,2.0,4,1,Jive
Albums-Mambo_Kings-03_08,ChaChaCha,-1.0,0.5,0,5,Tango
Albums-Mambo_Kings-03_90,ChaChaCha,-2.0,1.4142135623730951,4,5,Tango
Albums-Mambo_Kings-03_112,ChaChaCha,1.0,1.4142135623730951,2,5,Tango
Albums-Mambo_Kings-03_28,ChaChaCha,2.0,0.5,2,5,Tango
Albums-Mambo_Kings-03_145,ChaChaCha,2.0,2.0,1,1,Jive
Albums-Mambo_Kings-03_69,ChaChaCha,-1.0,1.0,3,5,Tango
Albums-Mambo_Kings-03_86,ChaChaCha,2.0,1.0,0,2,Quickstep
Albums-Mambo_Kings-03_104,ChaChaCha,0.0,1.4142135623730951,0,2,Quickstep
Albums-Mambo_Kings-03_12,ChaChaCha,0.0,0.5,4,5,Tango
Albums-Mambo_Kings-03_45,ChaChaCha,0.0,0.7071067811865476,3,2,Quickstep
Albums-Mambo_Kings-03_128,ChaChaCha,-1.0,2.0,0,6,VienneseWaltz
Albums-Mambo_Kings-03_53,ChaChaCha,1.0,0.7071067811865476,5,5,Tango
Albums-Mambo_Kings-03_04,ChaChaCha,-2.0,0.5,2,5,Tango
Albums-Mambo_Kings-03_05,ChaChaCha,-2.0,0.5,5,5,Tango
Albums-Mambo_Kings-03_52,ChaChaCha,1.0,0.7071067811865476,2,5,Tango
Albums-Mambo_Kings-03_129,ChaChaCha,-1.0,2.0,3,6,VienneseWaltz
Albums-Mambo_Kings-03_44,ChaChaCha,0.0,0.7071067811865476,0,2,Quickstep
Albums-Mambo_Kings-03_13,ChaChaCha,0.0,0.5,1,5,Tango
Albums-Mambo_Kings-03_105,ChaChaCha,0.0,1.4142135623730951,3,2,Quickstep
Albums-Mambo_Kings-03_68,ChaChaCha,-1.0,1.0,0,5,Tango
Albums-Mambo_Kings-03_87,ChaChaCha,2.0,1.0,3,2,Quickstep
Albums-Mambo_Kings-03_144,ChaChaCha,2.0,2.0,4,1,Jive
Albums-Mambo_Kings-03_29,ChaChaCha,2.0,0.5,5,5,Tango
Albums-Mambo_Kings-03_113,ChaChaCha,1.0,1.4142135623730951,5,5,Tango
Albums-Mambo_Kings-03_91,ChaChaCha,-2.0,1.4142135623730951,1,5,Tango
Albums-Mambo_Kings-03_09,ChaChaCha,-1.0,0.5,3,5,Tango
Albums-Mambo_Kings-03_133,ChaChaCha,0.0,2.0,1,1,Jive
Albums-Mambo_Kings-03_48,ChaChaCha,1.0,0.7071067811865476,4,5,Tango
Albums-Mambo_Kings-03_125,ChaChaCha,-2.0,2.0,5,6,VienneseWaltz
Albums-Mambo_Kings-03_64,ChaChaCha,-2.0,1.0,2,5,Tango
Albums-Mambo_Kings-03_109,ChaChaCha,1.0,1.4142135623730951,1,5,Tango
Albums-Mambo_Kings-03_33,ChaChaCha,-2.0,0.7071067811865476,3,5,Tango
Albums-Mambo_Kings-03_25,ChaChaCha,2.0,0.5,1,5,Tango
Albums-Mambo_Kings-03_148,ChaChaCha,2.0,2.0,2,1,Jive
Albums-Mambo_Kings-03_72,ChaChaCha,0.0,1.0,4,2,Quickstep
Albums-Latin_Jam-12_149,Jive,2.0,2.0,5,4,Samba
Albums-Latin_Jam-12_108,Jive,1.0,1.4142135623730951,4,4,Samba
Albums-Latin_Jam-12_124,Jive,-2.0,2.0,2,4,Samba
Albums-Latin_Jam-12_70,Jive,-1.0,1.0,2,4,Samba
Albums-Latin_Jam-12_27,Jive,2.0,0.5,3,5,Tango
Albums-Latin_Jam-12_31,Jive,-2.0,0.7071067811865476,1,2,Quickstep
Albums-Latin_Jam-12_89,Jive,2.0,1.0,5,4,Samba
Albums-Latin_Jam-12_132,Jive,0.0,2.0,4,1,Jive
Albums-Latin_Jam-12_66,Jive,-1.0,1.0,4,5,Tango
Albums-Latin_Jam-12_11,Jive,-1.0,0.5,5,5,Tango
Albums-Latin_Jam-12_145,Jive,2.0,2.0,1,4,Samba
Albums-Latin_Jam-12_46,Jive,0.0,0.7071067811865476,2,4,Samba
Albums-Latin_Jam-12_112,Jive,1.0,1.4142135623730951,2,4,Samba
Albums-Latin_Jam-12_50,Jive,1.0,0.7071067811865476,0,4,Samba
Albums-Latin_Jam-12_104,Jive,0.0,1.4142135623730951,0,2,Quickstep
Albums-Latin_Jam-12_07,Jive,-1.0,0.5,1,5,Tango
Albums-Latin_Jam-12_93,Jive,-2.0,1.4142135623730951,3,4,Samba
Albums-Latin_Jam-12_128,Jive,-1.0,2.0,0,5,Tango
Albums-Latin_Jam-12_85,Jive,2.0,1.0,1,4,Samba
Albums-Latin_Jam-12_84,Jive,2.0,1.0,4,4,Samba
Albums-Latin_Jam-12_92,Jive,-2.0,1.4142135623730951,0,4,Samba
Albums-Latin_Jam-12_129,Jive,-1.0,2.0,3,5,Tango
Albums-Latin_Jam-12_06,Jive,-1.0,0.5,4,5,Tango
Albums-Latin_Jam-12_51,Jive,1.0,0.7071067811865476,3,4,Samba
Albums-Latin_Jam-12_105,Jive,0.0,1.4142135623730951,3,2,Quickstep
Albums-Latin_Jam-12_47,Jive,0.0,0.7071067811865476,5,4,Samba
Albums-Latin_Jam-12_113,Jive,1.0,1.4142135623730951,5,2,Quickstep
Albums-Latin_Jam-12_10,Jive,-1.0,0.5,2,5,Tango
Albums-Latin_Jam-12_144,Jive,2.0,2.0,4,4,Samba
Albums-Latin_Jam-12_88,Jive,2.0,1.0,2,4,Samba
Albums-Latin_Jam-12_133,Jive,0.0,2.0,1,0,ChaChaCha
Albums-Latin_Jam-12_67,Jive,-1.0,1.0,1,4,Samba
Albums-Latin_Jam-12_30,Jive,-2.0,0.7071067811865476,4,2,Quickstep
Albums-Latin_Jam-12_26,Jive,2.0,0.5,0,5,Tango
Albums-Latin_Jam-12_125,Jive,-2.0,2.0,5,4,Samba
Albums-Latin_Jam-12_71,Jive,-1.0,1.0,5,4,Samba
Albums-Latin_Jam-12_109,Jive,1.0,1.4142135623730951,1,2,Quickstep
Albums-Latin_Jam-12_148,Jive,2.0,2.0,2,4,Samba
Albums-Latin_Jam-12_17,Jive,0.0,0.5,5,2,Quickstep
Albums-Latin_Jam-12_143,Jive,1.0,2.0,5,4,Samba
Albums-Latin_Jam-12_40,Jive,-1.0,0.7071067811865476,2,2,Quickstep
Albums-Latin_Jam-12_114,Jive,2.0,1.4142135623730951,4,4,Samba
Albums-Latin_Jam-12_56,Jive,2.0,0.7071067811865476,0,4,Samba
Albums-Latin_Jam-12_102,Jive,0.0,1.4142135623730951,4,1,Jive
Albums-Latin_Jam-12_01,Jive,-2.0,0.5,1,5,Tango
Albums-Latin_Jam-12_95,Jive,-2.0,1.4142135623730951,5,4,Samba
Albums-Latin_Jam-12_83,Jive,1.0,1.0,5,4,Samba
Albums-Latin_Jam-12_138,Jive,1.0,2.0,4,4,Samba
Albums-Latin_Jam-12_118,Jive,2.0,1.4142135623730951,2,4,Samba
Albums-Latin_Jam-12_99,Jive,-1.0,1.4142135623730951,3,4,Samba
Albums-Latin_Jam-12_122,Jive,-2.0,2.0,0,4,Samba
Albums-Latin_Jam-12_76,Jive,0.0,1.0,2,4,Samba
Albums-Latin_Jam-12_21,Jive,1.0,0.5,3,4,Samba
Albums-Latin_Jam-12_37,Jive,-1.0,0.7071067811865476,1,2,Quickstep
Albums-Latin_Jam-12_134,Jive,0.0,2.0,0,0,ChaChaCha
Albums-Latin_Jam-12_60,Jive,-2.0,1.0,4,5,Tango
Albums-Latin_Jam-12_135,Jive,0.0,2.0,3,0,ChaChaCha
Albums-Latin_Jam-12_61,Jive,-2.0,1.0,1,5,Tango
Albums-Latin_Jam-12_36,Jive,-1.0,0.7071067811865476,4,4,Samba
Albums-Latin_Jam-12_20,Jive,1.0,0.5,0,4,Samba
Albums-Latin_Jam-12_98,Jive,-1.0,1.4142135623730951,0,4,Samba
Albums-Latin_Jam-12_123,Jive,-2.0,2.0,3,4,Samba
Albums-Latin_Jam-12_77,Jive,0.0,1.0,5,4,Samba
Albums-Latin_Jam-12_119,Jive,2.0,1.4142135623730951,5,4,Samba
Albums-Latin_Jam-12_82,Jive,1.0,1.0,2,4,Samba
Albums-Latin_Jam-12_139,Jive,1.0,2.0,1,4,Samba
Albums-Latin_Jam-12_94,Jive,-2.0,1.4142135623730951,2,4,Samba
Albums-Latin_Jam-12_00,Jive,-2.0,0.5,4,5,Tango
Albums-Latin_Jam-12_57,Jive,2.0,0.7071067811865476,3,4,Samba
Albums-Latin_Jam-12_103,Jive,0.0,1.4142135623730951,1,2,Quickstep
Albums-Latin_Jam-12_41,Jive,-1.0,0.7071067811865476,5,2,Quickstep
Albums-Latin_Jam-12_115,Jive,2.0,1.4142135623730951,1,4,Samba
Albums-Latin_Jam-12_16,Jive,0.0,0.5,2,2,Quickstep
Albums-Latin_Jam-12_142,Jive,1.0,2.0,2,4,Samba
Albums-Latin_Jam-12_81,Jive,1.0,1.0,3,4,Samba
Albums-Latin_Jam-12_39,Jive,-1.0,0.7071067811865476,3,2,Quickstep
Albums-Latin_Jam-12_78,Jive,1.0,1.0,4,4,Samba
Albums-Latin_Jam-12_97,Jive,-1.0,1.4142135623730951,1,4,Samba
Albums-Latin_Jam-12_03,Jive,-2.0,0.5,3,5,Tango
Albums-Latin_Jam-12_100,Jive,-1.0,1.4142135623730951,2,4,Samba
Albums-Latin_Jam-12_54,Jive,2.0,0.7071067811865476,4,4,Samba
Albums-Latin_Jam-12_116,Jive,2.0,1.4142135623730951,0,4,Samba
Albums-Latin_Jam-12_42,Jive,0.0,0.7071067811865476,4,4,Samba
Albums-Latin_Jam-12_141,Jive,1.0,2.0,3,4,Samba
Albums-Latin_Jam-12_15,Jive,0.0,0.5,3,2,Quickstep
Albums-Latin_Jam-12_62,Jive,-2.0,1.0,0,5,Tango
Albums-Latin_Jam-12_136,Jive,0.0,2.0,2,4,Samba
Albums-Latin_Jam-12_35,Jive,-2.0,0.7071067811865476,5,2,Quickstep
Albums-Latin_Jam-12_23,Jive,1.0,0.5,5,4,Samba
Albums-Latin_Jam-12_74,Jive,0.0,1.0,0,4,Samba
Albums-Latin_Jam-12_120,Jive,-2.0,2.0,4,4,Samba
Albums-Latin_Jam-12_58,Jive,2.0,0.7071067811865476,2,4,Samba
Albums-Latin_Jam-12_19,Jive,1.0,0.5,1,4,Samba
Albums-Latin_Jam-12_18,Jive,1.0,0.5,4,4,Samba
Albums-Latin_Jam-12_59,Jive,2.0,0.7071067811865476,5,4,Samba
Albums-Latin_Jam-12_75,Jive,0.0,1.0,3,4,Samba
Albums-Latin_Jam-12_121,Jive,-2.0,2.0,1,4,Samba
Albums-Latin_Jam-12_22,Jive,1.0,0.5,2,4,Samba
Albums-Latin_Jam-12_34,Jive,-2.0,0.7071067811865476,2,2,Quickstep
Albums-Latin_Jam-12_63,Jive,-2.0,1.0,3,5,Tango
Albums-Latin_Jam-12_137,Jive,0.0,2.0,5,0,ChaChaCha
Albums-Latin_Jam-12_140,Jive,1.0,2.0,0,4,Samba
Albums-Latin_Jam-12_14,Jive,0.0,0.5,0,2,Quickstep
Albums-Latin_Jam-12_117,Jive,2.0,1.4142135623730951,3,4,Samba
Albums-Latin_Jam-12_43,Jive,0.0,0.7071067811865476,1,4,Samba
Albums-Latin_Jam-12_101,Jive,-1.0,1.4142135623730951,5,4,Samba
Albums-Latin_Jam-12_55,Jive,2.0,0.7071067811865476,1,4,Samba
Albums-Latin_Jam-12_02,Jive,-2.0,0.5,0,5,Tango
Albums-Latin_Jam-12_79,Jive,1.0,1.0,1,4,Samba
Albums-Latin_Jam-12_96,Jive,-1.0,1.4142135623730951,4,4,Samba
Albums-Latin_Jam-12_38,Jive,-1.0,0.7071067811865476,0,2,Quickstep
Albums-Latin_Jam-12_80,Jive,1.0,1.0,0,4,Samba
Albums-Latin_Jam-12_64,Jive,-2.0,1.0,2,5,Tango
Albums-Latin_Jam-12_130,Jive,-1.0,2.0,2,5,Tango
Albums-Latin_Jam-12_33,Jive,-2.0,0.7071067811865476,3,2,Quickstep
Albums-Latin_Jam-12_25,Jive,2.0,0.5,1,5,Tango
Albums-Latin_Jam-12_72,Jive,0.0,1.0,4,4,Samba
Albums-Latin_Jam-12_126,Jive,-1.0,2.0,4,4,Samba
Albums-Latin_Jam-12_09,Jive,-1.0,0.5,3,5,Tango
Albums-Latin_Jam-12_48,Jive,1.0,0.7071067811865476,4,4,Samba
Albums-Latin_Jam-12_68,Jive,-1.0,1.0,0,4,Samba
Albums-Latin_Jam-12_87,Jive,2.0,1.0,3,4,Samba
Albums-Latin_Jam-12_29,Jive,2.0,0.5,5,5,Tango
Albums-Latin_Jam-12_91,Jive,-2.0,1.4142135623730951,1,4,Samba
Albums-Latin_Jam-12_05,Jive,-2.0,0.5,5,5,Tango
Albums-Latin_Jam-12_106,Jive,0.0,1.4142135623730951,2,1,Jive
Albums-Latin_Jam-12_52,Jive,1.0,0.7071067811865476,2,4,Samba
Albums-Latin_Jam-12_110,Jive,1.0,1.4142135623730951,0,2,Quickstep
Albums-Latin_Jam-12_44,Jive,0.0,0.7071067811865476,0,4,Samba
Albums-Latin_Jam-12_147,Jive,2.0,2.0,3,4,Samba
Albums-Latin_Jam-12_13,Jive,0.0,0.5,1,2,Quickstep
Albums-Latin_Jam-12_146,Jive,2.0,2.0,0,4,Samba
Albums-Latin_Jam-12_12,Jive,0.0,0.5,4,2,Quickstep
Albums-Latin_Jam-12_111,Jive,1.0,1.4142135623730951,3,2,Quickstep
Albums-Latin_Jam-12_45,Jive,0.0,0.7071067811865476,3,4,Samba
Albums-Latin_Jam-12_107,Jive,0.0,1.4142135623730951,5,2,Quickstep
Albums-Latin_Jam-12_53,Jive,1.0,0.7071067811865476,5,4,Samba
Albums-Latin_Jam-12_04,Jive,-2.0,0.5,2,5,Tango
Albums-Latin_Jam-12_90,Jive,-2.0,1.4142135623730951,4,4,Samba
Albums-Latin_Jam-12_28,Jive,2.0,0.5,2,5,Tango
Albums-Latin_Jam-12_69,Jive,-1.0,1.0,3,4,Samba
Albums-Latin_Jam-12_86,Jive,2.0,1.0,0,4,Samba
Albums-Latin_Jam-12_49,Jive,1.0,0.7071067811865476,1,4,Samba
Albums-Latin_Jam-12_08,Jive,-1.0,0.5,0,5,Tango
Albums-Latin_Jam-12_73,Jive,0.0,1.0,1,4,Samba
Albums-Latin_Jam-12_127,Jive,-1.0,2.0,1,5,Tango
Albums-Latin_Jam-12_24,Jive,2.0,0.5,4,5,Tango
Albums-Latin_Jam-12_32,Jive,-2.0,0.7071067811865476,0,2,Quickstep
Albums-Latin_Jam-12_65,Jive,-2.0,1.0,5,5,Tango
Albums-Latin_Jam-12_131,Jive,-1.0,2.0,5,5,Tango
Media-104305_133,Tango,0.0,2.0,1,6,VienneseWaltz
Media-104305_125,Tango,-2.0,2.0,5,6,VienneseWaltz
Media-104305_109,Tango,1.0,1.4142135623730951,1,5,Tango
Media-104305_71,Tango,-1.0,1.0,5,5,Tango
Media-104305_26,Tango,2.0,0.5,0,7,Waltz
Media-104305_148,Tango,2.0,2.0,2,6,VienneseWaltz
Media-104305_30,Tango,-2.0,0.7071067811865476,4,5,Tango
Media-104305_88,Tango,2.0,1.0,2,5,Tango
Media-104305_67,Tango,-1.0,1.0,1,5,Tango
Media-104305_10,Tango,-1.0,0.5,2,7,Waltz
Media-104305_47,Tango,0.0,0.7071067811865476,5,5,Tango
Media-104305_51,Tango,1.0,0.7071067811865476,3,5,Tango
Media-104305_129,Tango,-1.0,2.0,3,6,VienneseWaltz
Media-104305_06,Tango,-1.0,0.5,4,7,Waltz
Media-104305_92,Tango,-2.0,1.4142135623730951,0,5,Tango
Media-104305_105,Tango,0.0,1.4142135623730951,3,5,Tango
Media-104305_144,Tango,2.0,2.0,4,6,VienneseWaltz
Media-104305_113,Tango,1.0,1.4142135623730951,5,5,Tango
Media-104305_84,Tango,2.0,1.0,4,5,Tango
Media-104305_112,Tango,1.0,1.4142135623730951,2,5,Tango
Media-104305_85,Tango,2.0,1.0,1,5,Tango
Media-104305_145,Tango,2.0,2.0,1,6,VienneseWaltz
Media-104305_93,Tango,-2.0,1.4142135623730951,3,5,Tango
Media-104305_104,Tango,0.0,1.4142135623730951,0,5,Tango
Media-104305_07,Tango,-1.0,0.5,1,7,Waltz
Media-104305_50,Tango,1.0,0.7071067811865476,0,5,Tango
Media-104305_128,Tango,-1.0,2.0,0,6,VienneseWaltz
Media-104305_46,Tango,0.0,0.7071067811865476,2,5,Tango
Media-104305_11,Tango,-1.0,0.5,5,7,Waltz
Media-104305_89,Tango,2.0,1.0,5,5,Tango
Media-104305_66,Tango,-1.0,1.0,4,5,Tango
Media-104305_149,Tango,2.0,2.0,5,6,VienneseWaltz
Media-104305_31,Tango,-2.0,0.7071067811865476,1,7,Waltz
Media-104305_27,Tango,2.0,0.5,3,7,Waltz
Media-104305_108,Tango,1.0,1.4142135623730951,4,5,Tango
Media-104305_70,Tango,-1.0,1.0,2,5,Tango
Media-104305_124,Tango,-2.0,2.0,2,6,VienneseWaltz
Media-104305_132,Tango,0.0,2.0,4,6,VienneseWaltz
Media-104305_16,Tango,0.0,0.5,2,5,Tango
Media-104305_41,Tango,-1.0,0.7071067811865476,5,7,Waltz
Media-104305_139,Tango,1.0,2.0,1,6,VienneseWaltz
Media-104305_57,Tango,2.0,0.7071067811865476,3,5,Tango
Media-104305_00,Tango,-2.0,0.5,4,5,Tango
Media-104305_103,Tango,0.0,1.4142135623730951,1,5,Tango
Media-104305_94,Tango,-2.0,1.4142135623730951,2,5,Tango
Media-104305_142,Tango,1.0,2.0,2,6,VienneseWaltz
Media-104305_82,Tango,1.0,1.0,2,5,Tango
Media-104305_115,Tango,2.0,1.4142135623730951,1,5,Tango
Media-104305_135,Tango,0.0,2.0,3,6,VienneseWaltz
Media-104305_123,Tango,-2.0,2.0,3,6,VienneseWaltz
Media-104305_98,Tango,-1.0,1.4142135623730951,0,5,Tango
Media-104305_77,Tango,0.0,1.0,5,6,VienneseWaltz
Media-104305_20,Tango,1.0,0.5,0,7,Waltz
Media-104305_36,Tango,-1.0,0.7071067811865476,4,5,Tango
Media-104305_119,Tango,2.0,1.4142135623730951,5,5,Tango
Media-104305_61,Tango,-2.0,1.0,1,2,Quickstep
Media-104305_118,Tango,2.0,1.4142135623730951,2,5,Tango
Media-104305_60,Tango,-2.0,1.0,4,5,Tango
Media-104305_37,Tango,-1.0,0.7071067811865476,1,7,Waltz
Media-104305_21,Tango,1.0,0.5,3,7,Waltz
Media-104305_99,Tango,-1.0,1.4142135623730951,3,5,Tango
Media-104305_76,Tango,0.0,1.0,2,6,VienneseWaltz
Media-104305_122,Tango,-2.0,2.0,0,6,VienneseWaltz
Media-104305_134,Tango,0.0,2.0,0,6,VienneseWaltz
Media-104305_83,Tango,1.0,1.0,5,5,Tango
Media-104305_114,Tango,2.0,1.4142135623730951,4,5,Tango
Media-104305_143,Tango,1.0,2.0,5,6,VienneseWaltz
Media-104305_102,Tango,0.0,1.4142135623730951,4,5,Tango
Media-104305_95,Tango,-2.0,1.4142135623730951,5,5,Tango
Media-104305_01,Tango,-2.0,0.5,1,7,Waltz
Media-104305_56,Tango,2.0,0.7071067811865476,0,5,Tango
Media-104305_40,Tango,-1.0,0.7071067811865476,2,5,Tango
Media-104305_138,Tango,1.0,2.0,4,6,VienneseWaltz
Media-104305_17,Tango,0.0,0.5,5,7,Waltz
Media-104305_117,Tango,2.0,1.4142135623730951,3,5,Tango
Media-104305_80,Tango,1.0,1.0,0,5,Tango
Media-104305_38,Tango,-1.0,0.7071067811865476,0,7,Waltz
Media-104305_140,Tango,1.0,2.0,0,6,VienneseWaltz
Media-104305_79,Tango,1.0,1.0,1,5,Tango
Media-104305_96,Tango,-1.0,1.4142135623730951,4,5,Tango
Media-104305_101,Tango,-1.0,1.4142135623730951,5,5,Tango
Media-104305_02,Tango,-2.0,0.5,0,7,Waltz
Media-104305_55,Tango,2.0,0.7071067811865476,1,5,Tango
Media-104305_43,Tango,0.0,0.7071067811865476,1,5,Tango
Media-104305_14,Tango,0.0,0.5,0,7,Waltz
Media-104305_63,Tango,-2.0,1.0,3,2,Quickstep
Media-104305_34,Tango,-2.0,0.7071067811865476,2,5,Tango
Media-104305_22,Tango,1.0,0.5,2,7,Waltz
Media-104305_75,Tango,0.0,1.0,3,6,VienneseWaltz
Media-104305_121,Tango,-2.0,2.0,1,6,VienneseWaltz
Media-104305_59,Tango,2.0,0.7071067811865476,5,5,Tango
Media-104305_137,Tango,0.0,2.0,5,6,VienneseWaltz
Media-104305_18,Tango,1.0,0.5,4,5,Tango
Media-104305_19,Tango,1.0,0.5,1,7,Waltz
Media-104305_136,Tango,0.0,2.0,2,6,VienneseWaltz
Media-104305_120,Tango,-2.0,2.0,4,6,VienneseWaltz
Media-104305_58,Tango,2.0,0.7071067811865476,2,5,Tango
Media-104305_74,Tango,0.0,1.0,0,6,VienneseWaltz
Media-104305_23,Tango,1.0,0.5,5,7,Waltz
Media-104305_35,Tango,-2.0,0.7071067811865476,5,7,Waltz
Media-104305_62,Tango,-2.0,1.0,0,2,Quickstep
Media-104305_15,Tango,0.0,0.5,3,7,Waltz
Media-104305_42,Tango,0.0,0.7071067811865476,4,5,Tango
Media-104305_54,Tango,2.0,0.7071067811865476,4,5,Tango
Media-104305_03,Tango,-2.0,0.5,3,7,Waltz
Media-104305_78,Tango,1.0,1.0,4,5,Tango
Media-104305_97,Tango,-1.0,1.4142135623730951,1,5,Tango
Media-104305_100,Tango,-1.0,1.4142135623730951,2,5,Tango
Media-104305_39,Tango,-1.0,0.7071067811865476,3,7,Waltz
Media-104305_141,Tango,1.0,2.0,3,6,VienneseWaltz
Media-104305_116,Tango,2.0,1.4142135623730951,0,5,Tango
Media-104305_81,Tango,1.0,1.0,3,5,Tango
Media-104305_65,Tango,-2.0,1.0,5,2,Quickstep
Media-104305_32,Tango,-2.0,0.7071067811865476,0,7,Waltz
Media-104305_24,Tango,2.0,0.5,4,5,Tango
Media-104305_73,Tango,0.0,1.0,1,6,VienneseWaltz
Media-104305_08,Tango,-1.0,0.5,0,7,Waltz
Media-104305_127,Tango,-1.0,2.0,1,6,VienneseWaltz
Media-104305_131,Tango,-1.0,2.0,5,6,VienneseWaltz
Media-104305_49,Tango,1.0,0.7071067811865476,1,5,Tango
Media-104305_69,Tango,-1.0,1.0,3,5,Tango
Media-104305_86,Tango,2.0,1.0,0,5,Tango
Media-104305_111,Tango,1.0,1.4142135623730951,3,5,Tango
Media-104305_146,Tango,2.0,2.0,0,6,VienneseWaltz
Media-104305_28,Tango,2.0,0.5,2,5,Tango
Media-104305_107,Tango,0.0,1.4142135623730951,5,5,Tango
Media-104305_90,Tango,-2.0,1.4142135623730951,4,5,Tango
Media-104305_04,Tango,-2.0,0.5,2,5,Tango
Media-104305_53,Tango,1.0,0.7071067811865476,5,5,Tango
Media-104305_45,Tango,0.0,0.7071067811865476,3,5,Tango
Media-104305_12,Tango,0.0,0.5,4,5,Tango
Media-104305_13,Tango,0.0,0.5,1,7,Waltz
Media-104305_44,Tango,0.0,0.7071067811865476,0,5,Tango
Media-104305_52,Tango,1.0,0.7071067811865476,2,5,Tango
Media-104305_05,Tango,-2.0,0.5,5,7,Waltz
Media-104305_106,Tango,0.0,1.4142135623730951,2,5,Tango
Media-104305_91,Tango,-2.0,1.4142135623730951,1,5,Tango
Media-104305_29,Tango,2.0,0.5,5,7,Waltz
Media-104305_147,Tango,2.0,2.0,3,6,VienneseWaltz
Media-104305_68,Tango,-1.0,1.0,0,5,Tango
Media-104305_87,Tango,2.0,1.0,3,5,Tango
Media-104305_110,Tango,1.0,1.4142135623730951,0,5,Tango
Media-104305_130,Tango,-1.0,2.0,2,6,VienneseWaltz
Media-104305_48,Tango,1.0,0.7071067811865476,4,5,Tango
Media-104305_126,Tango,-1.0,2.0,4,6,VienneseWaltz
Media-104305_09,Tango,-1.0,0.5,3,7,Waltz
Media-104305_72,Tango,0.0,1.0,4,6,VienneseWaltz
Media-104305_25,Tango,2.0,0.5,1,7,Waltz
Media-104305_33,Tango,-2.0,0.7071067811865476,3,7,Waltz
Media-104305_64,Tango,-2.0,1.0,2,5,Tango
Media-103901_103,Samba,0.0,1.4142135623730951,1,4,Samba
Media-103901_08,Samba,-1.0,0.5,0,2,Quickstep
Media-103901_142,Samba,1.0,2.0,2,0,ChaChaCha
Media-103901_49,Samba,1.0,0.7071067811865476,1,0,ChaChaCha
Media-103901_115,Samba,2.0,1.4142135623730951,1,4,Samba
Media-103901_65,Samba,-2.0,1.0,5,4,Samba
Media-103901_32,Samba,-2.0,0.7071067811865476,0,2,Quickstep
Media-103901_139,Samba,1.0,2.0,1,0,ChaChaCha
Media-103901_24,Samba,2.0,0.5,4,6,VienneseWaltz
Media-103901_73,Samba,0.0,1.0,1,4,Samba
Media-103901_04,Samba,-2.0,0.5,2,7,Waltz
Media-103901_53,Samba,1.0,0.7071067811865476,5,0,ChaChaCha
Media-103901_45,Samba,0.0,0.7071067811865476,3,5,Tango
Media-103901_119,Samba,2.0,1.4142135623730951,5,4,Samba
Media-103901_12,Samba,0.0,0.5,4,5,Tango
Media-103901_69,Samba,-1.0,1.0,3,4,Samba
Media-103901_86,Samba,2.0,1.0,0,4,Samba
Media-103901_135,Samba,0.0,2.0,3,0,ChaChaCha
Media-103901_28,Samba,2.0,0.5,2,6,VienneseWaltz
Media-103901_123,Samba,-2.0,2.0,3,0,ChaChaCha
Media-103901_90,Samba,-2.0,1.4142135623730951,4,1,Jive
Media-103901_91,Samba,-2.0,1.4142135623730951,1,1,Jive
Media-103901_29,Samba,2.0,0.5,5,6,VienneseWaltz
Media-103901_122,Samba,-2.0,2.0,0,0,ChaChaCha
Media-103901_134,Samba,0.0,2.0,0,0,ChaChaCha
Media-103901_68,Samba,-1.0,1.0,0,4,Samba
Media-103901_87,Samba,2.0,1.0,3,4,Samba
Media-103901_118,Samba,2.0,1.4142135623730951,2,4,Samba
Media-103901_13,Samba,0.0,0.5,1,2,Quickstep
Media-103901_44,Samba,0.0,0.7071067811865476,0,5,Tango
Media-103901_52,Samba,1.0,0.7071067811865476,2,0,ChaChaCha
Media-103901_05,Samba,-2.0,0.5,5,7,Waltz
Media-103901_72,Samba,0.0,1.0,4,4,Samba
Media-103901_25,Samba,2.0,0.5,1,6,VienneseWaltz
Media-103901_33,Samba,-2.0,0.7071067811865476,3,0,ChaChaCha
Media-103901_138,Samba,1.0,2.0,4,0,ChaChaCha
Media-103901_64,Samba,-2.0,1.0,2,4,Samba
Media-103901_114,Samba,2.0,1.4142135623730951,4,4,Samba
Media-103901_143,Samba,1.0,2.0,5,0,ChaChaCha
Media-103901_48,Samba,1.0,0.7071067811865476,4,0,ChaChaCha
Media-103901_102,Samba,0.0,1.4142135623730951,4,4,Samba
Media-103901_09,Samba,-1.0,0.5,3,2,Quickstep
Media-103901_109,Samba,1.0,1.4142135623730951,1,4,Samba
Media-103901_02,Samba,-2.0,0.5,0,7,Waltz
Media-103901_55,Samba,2.0,0.7071067811865476,1,5,Tango
Media-103901_148,Samba,2.0,2.0,2,0,ChaChaCha
Media-103901_43,Samba,0.0,0.7071067811865476,1,5,Tango
Media-103901_14,Samba,0.0,0.5,0,2,Quickstep
Media-103901_80,Samba,1.0,1.0,0,4,Samba
Media-103901_38,Samba,-1.0,0.7071067811865476,0,5,Tango
Media-103901_133,Samba,0.0,2.0,1,0,ChaChaCha
Media-103901_125,Samba,-2.0,2.0,5,0,ChaChaCha
Media-103901_79,Samba,1.0,1.0,1,4,Samba
Media-103901_96,Samba,-1.0,1.4142135623730951,4,4,Samba
Media-103901_105,Samba,0.0,1.4142135623730951,3,4,Samba
Media-103901_59,Samba,2.0,0.7071067811865476,5,5,Tango
Media-103901_144,Samba,2.0,2.0,4,0,ChaChaCha
Media-103901_113,Samba,1.0,1.4142135623730951,5,4,Samba
Media-103901_18,Samba,1.0,0.5,4,2,Quickstep
Media-103901_63,Samba,-2.0,1.0,3,4,Samba
Media-103901_34,Samba,-2.0,0.7071067811865476,2,5,Tango
Media-103901_22,Samba,1.0,0.5,2,2,Quickstep
Media-103901_129,Samba,-1.0,2.0,3,0,ChaChaCha
Media-103901_75,Samba,0.0,1.0,3,4,Samba
Media-103901_74,Samba,0.0,1.0,0,4,Samba
Media-103901_23,Samba,1.0,0.5,5,2,Quickstep
Media-103901_128,Samba,-1.0,2.0,0,0,ChaChaCha
Media-103901_35,Samba,-2.0,0.7071067811865476,5,2,Quickstep
Media-103901_62,Samba,-2.0,1.0,0,4,Samba
Media-103901_112,Samba,1.0,1.4142135623730951,2,4,Samba
Media-103901_19,Samba,1.0,0.5,1,2,Quickstep
Media-103901_145,Samba,2.0,2.0,1,0,ChaChaCha
Media-103901_58,Samba,2.0,0.7071067811865476,2,5,Tango
Media-103901_104,Samba,0.0,1.4142135623730951,0,4,Samba
Media-103901_78,Samba,1.0,1.0,4,4,Samba
Media-103901_97,Samba,-1.0,1.4142135623730951,1,4,Samba
Media-103901_124,Samba,-2.0,2.0,2,0,ChaChaCha
Media-103901_39,Samba,-1.0,0.7071067811865476,3,5,Tango
Media-103901_132,Samba,0.0,2.0,4,0,ChaChaCha
Media-103901_81,Samba,1.0,1.0,3,4,Samba
Media-103901_15,Samba,0.0,0.5,3,2,Quickstep
Media-103901_149,Samba,2.0,2.0,5,0,ChaChaCha
Media-103901_42,Samba,0.0,0.7071067811865476,4,5,Tango
Media-103901_54,Samba,2.0,0.7071067811865476,4,5,Tango
Media-103901_108,Samba,1.0,1.4142135623730951,4,4,Samba
Media-103901_03,Samba,-2.0,0.5,3,7,Waltz
Media-103901_94,Samba,-2.0,1.4142135623730951,2,1,Jive
Media-103901_127,Samba,-1.0,2.0,1,0,ChaChaCha
Media-103901_131,Samba,-1.0,2.0,5,0,ChaChaCha
Media-103901_82,Samba,1.0,1.0,2,4,Samba
Media-103901_16,Samba,0.0,0.5,2,2,Quickstep
Media-103901_41,Samba,-1.0,0.7071067811865476,5,5,Tango
Media-103901_57,Samba,2.0,0.7071067811865476,3,5,Tango
Media-103901_00,Samba,-2.0,0.5,4,7,Waltz
Media-103901_98,Samba,-1.0,1.4142135623730951,0,4,Samba
Media-103901_77,Samba,0.0,1.0,5,4,Samba
Media-103901_20,Samba,1.0,0.5,0,2,Quickstep
Media-103901_36,Samba,-1.0,0.7071067811865476,4,5,Tango
Media-103901_61,Samba,-2.0,1.0,1,4,Samba
Media-103901_111,Samba,1.0,1.4142135623730951,3,4,Samba
Media-103901_146,Samba,2.0,2.0,0,0,ChaChaCha
Media-103901_107,Samba,0.0,1.4142135623730951,5,4,Samba
Media-103901_106,Samba,0.0,1.4142135623730951,2,4,Samba
Media-103901_147,Samba,2.0,2.0,3,0,ChaChaCha
Media-103901_110,Samba,1.0,1.4142135623730951,0,4,Samba
Media-103901_60,Samba,-2.0,1.0,4,4,Samba
Media-103901_37,Samba,-1.0,0.7071067811865476,1,5,Tango
Media-103901_21,Samba,1.0,0.5,3,2,Quickstep
Media-103901_99,Samba,-1.0,1.4142135623730951,3,4,Samba
Media-103901_76,Samba,0.0,1.0,2,4,Samba
Media-103901_01,Samba,-2.0,0.5,1,7,Waltz
Media-103901_56,Samba,2.0,0.7071067811865476,0,5,Tango
Media-103901_40,Samba,-1.0,0.7071067811865476,2,5,Tango
Media-103901_17,Samba,0.0,0.5,5,2,Quickstep
Media-103901_83,Samba,1.0,1.0,5,4,Samba
Media-103901_130,Samba,-1.0,2.0,2,0,ChaChaCha
Media-103901_126,Samba,-1.0,2.0,4,0,ChaChaCha
Media-103901_95,Samba,-2.0,1.4142135623730951,5,1,Jive
Media-103901_71,Samba,-1.0,1.0,5,4,Samba
Media-103901_26,Samba,2.0,0.5,0,6,VienneseWaltz
Media-103901_30,Samba,-2.0,0.7071067811865476,4,5,Tango
Media-103901_88,Samba,2.0,1.0,2,4,Samba
Media-103901_67,Samba,-1.0,1.0,1,4,Samba
Media-103901_117,Samba,2.0,1.4142135623730951,3,4,Samba
Media-103901_140,Samba,1.0,2.0,0,0,ChaChaCha
Media-103901_101,Samba,-1.0,1.4142135623730951,5,4,Samba
Media-103901_92,Samba,-2.0,1.4142135623730951,0,1,Jive
Media-103901_121,Samba,-2.0,2.0,1,0,ChaChaCha
Media-103901_137,Samba,0.0,2.0,5,0,ChaChaCha
Media-103901_84,Samba,2.0,1.0,4,4,Samba
Media-103901_10,Samba,-1.0,0.5,2,2,Quickstep
Media-103901_47,Samba,0.0,0.7071067811865476,5,5,Tango
Media-103901_51,Samba,1.0,0.7071067811865476,3,0,ChaChaCha
Media-103901_06,Samba,-1.0,0.5,4,7,Waltz
Media-103901_07,Samba,-1.0,0.5,1,2,Quickstep
Media-103901_50,Samba,1.0,0.7071067811865476,0,0,ChaChaCha
Media-103901_46,Samba,0.0,0.7071067811865476,2,5,Tango
Media-103901_11,Samba,-1.0,0.5,5,2,Quickstep
Media-103901_85,Samba,2.0,1.0,1,4,Samba
Media-103901_136,Samba,0.0,2.0,2,0,ChaChaCha
Media-103901_120,Samba,-2.0,2.0,4,0,ChaChaCha
Media-103901_93,Samba,-2.0,1.4142135623730951,3,1,Jive
Media-103901_100,Samba,-1.0,1.4142135623730951,2,4,Samba
Media-103901_141,Samba,1.0,2.0,3,0,ChaChaCha
Media-103901_116,Samba,2.0,1.4142135623730951,0,4,Samba
Media-103901_89,Samba,2.0,1.0,5,4,Samba
Media-103901_66,Samba,-1.0,1.0,4,4,Samba
Media-103901_31,Samba,-2.0,0.7071067811865476,1,2,Quickstep
Media-103901_27,Samba,2.0,0.5,3,6,VienneseWaltz
Media-103901_70,Samba,-1.0,1.0,2,4,Samba
Media-105207_79,Quickstep,1.0,1.0,1,7,Waltz
Media-105207_96,Quickstep,-1.0,1.4142135623730951,4,2,Quickstep
Media-105207_80,Quickstep,1.0,1.0,0,7,Waltz
Media-105207_38,Quickstep,-1.0,0.7071067811865476,0,7,Waltz
Media-105207_43,Quickstep,0.0,0.7071067811865476,1,7,Waltz
Media-105207_120,Quickstep,-2.0,2.0,4,7,Waltz
Media-105207_14,Quickstep,0.0,0.5,0,7,Waltz
Media-105207_136,Quickstep,0.0,2.0,2,3,Rumba
Media-105207_02,Quickstep,-2.0,0.5,0,7,Waltz
Media-105207_55,Quickstep,2.0,0.7071067811865476,1,7,Waltz
Media-105207_22,Quickstep,1.0,0.5,2,7,Waltz
Media-105207_116,Quickstep,2.0,1.4142135623730951,0,2,Quickstep
Media-105207_75,Quickstep,0.0,1.0,3,7,Waltz
Media-105207_141,Quickstep,1.0,2.0,3,7,Waltz
Media-105207_63,Quickstep,-2.0,1.0,3,7,Waltz
Media-105207_34,Quickstep,-2.0,0.7071067811865476,2,6,VienneseWaltz
Media-105207_100,Quickstep,-1.0,1.4142135623730951,2,2,Quickstep
Media-105207_18,Quickstep,1.0,0.5,4,7,Waltz
Media-105207_59,Quickstep,2.0,0.7071067811865476,5,7,Waltz
Media-105207_58,Quickstep,2.0,0.7071067811865476,2,7,Waltz
Media-105207_19,Quickstep,1.0,0.5,1,7,Waltz
Media-105207_101,Quickstep,-1.0,1.4142135623730951,5,5,Tango
Media-105207_35,Quickstep,-2.0,0.7071067811865476,5,6,VienneseWaltz
Media-105207_62,Quickstep,-2.0,1.0,0,7,Waltz
Media-105207_140,Quickstep,1.0,2.0,0,7,Waltz
Media-105207_74,Quickstep,0.0,1.0,0,7,Waltz
Media-105207_117,Quickstep,2.0,1.4142135623730951,3,2,Quickstep
Media-105207_23,Quickstep,1.0,0.5,5,7,Waltz
Media-105207_54,Quickstep,2.0,0.7071067811865476,4,6,VienneseWaltz
Media-105207_03,Quickstep,-2.0,0.5,3,7,Waltz
Media-105207_137,Quickstep,0.0,2.0,5,7,Waltz
Media-105207_15,Quickstep,0.0,0.5,3,7,Waltz
Media-105207_121,Quickstep,-2.0,2.0,1,7,Waltz
Media-105207_42,Quickstep,0.0,0.7071067811865476,4,7,Waltz
Media-105207_39,Quickstep,-1.0,0.7071067811865476,3,7,Waltz
Media-105207_81,Quickstep,1.0,1.0,3,7,Waltz
Media-105207_78,Quickstep,1.0,1.0,4,7,Waltz
Media-105207_97,Quickstep,-1.0,1.4142135623730951,1,5,Tango
Media-105207_24,Quickstep,2.0,0.5,4,7,Waltz
Media-105207_110,Quickstep,1.0,1.4142135623730951,0,2,Quickstep
Media-105207_73,Quickstep,0.0,1.0,1,7,Waltz
Media-105207_147,Quickstep,2.0,2.0,3,7,Waltz
Media-105207_65,Quickstep,-2.0,1.0,5,7,Waltz
Media-105207_32,Quickstep,-2.0,0.7071067811865476,0,6,VienneseWaltz
Media-105207_106,Quickstep,0.0,1.4142135623730951,2,2,Quickstep
Media-105207_49,Quickstep,1.0,0.7071067811865476,1,7,Waltz
Media-105207_08,Quickstep,-1.0,0.5,0,7,Waltz
Media-105207_28,Quickstep,2.0,0.5,2,7,Waltz
Media-105207_90,Quickstep,-2.0,1.4142135623730951,4,2,Quickstep
Media-105207_69,Quickstep,-1.0,1.0,3,7,Waltz
Media-105207_86,Quickstep,2.0,1.0,0,7,Waltz
Media-105207_45,Quickstep,0.0,0.7071067811865476,3,7,Waltz
Media-105207_126,Quickstep,-1.0,2.0,4,3,Rumba
Media-105207_12,Quickstep,0.0,0.5,4,7,Waltz
Media-105207_130,Quickstep,-1.0,2.0,2,7,Waltz
Media-105207_04,Quickstep,-2.0,0.5,2,7,Waltz
Media-105207_53,Quickstep,1.0,0.7071067811865476,5,7,Waltz
Media-105207_52,Quickstep,1.0,0.7071067811865476,2,6,VienneseWaltz
Media-105207_05,Quickstep,-2.0,0.5,5,7,Waltz
Media-105207_131,Quickstep,-1.0,2.0,5,7,Waltz
Media-105207_13,Quickstep,0.0,0.5,1,7,Waltz
Media-105207_127,Quickstep,-1.0,2.0,1,7,Waltz
Media-105207_44,Quickstep,0.0,0.7071067811865476,0,7,Waltz
Media-105207_68,Quickstep,-1.0,1.0,0,7,Waltz
Media-105207_87,Quickstep,2.0,1.0,3,7,Waltz
Media-105207_91,Quickstep,-2.0,1.4142135623730951,1,5,Tango
Media-105207_29,Quickstep,2.0,0.5,5,7,Waltz
Media-105207_09,Quickstep,-1.0,0.5,3,7,Waltz
Media-105207_48,Quickstep,1.0,0.7071067811865476,4,6,VienneseWaltz
Media-105207_107,Quickstep,0.0,1.4142135623730951,5,2,Quickstep
Media-105207_33,Quickstep,-2.0,0.7071067811865476,3,6,VienneseWaltz
Media-105207_64,Quickstep,-2.0,1.0,2,5,Tango
Media-105207_146,Quickstep,2.0,2.0,0,7,Waltz
Media-105207_72,Quickstep,0.0,1.0,4,6,VienneseWaltz
Media-105207_111,Quickstep,1.0,1.4142135623730951,3,2,Quickstep
Media-105207_25,Quickstep,2.0,0.5,1,7,Waltz
Media-105207_128,Quickstep,-1.0,2.0,0,7,Waltz
Media-105207_104,Quickstep,0.0,1.4142135623730951,0,2,Quickstep
Media-105207_30,Quickstep,-2.0,0.7071067811865476,4,6,VienneseWaltz
Media-105207_88,Quickstep,2.0,1.0,2,5,Tango
Media-105207_67,Quickstep,-1.0,1.0,1,7,Waltz
Media-105207_145,Quickstep,2.0,2.0,1,7,Waltz
Media-105207_71,Quickstep,-1.0,1.0,5,7,Waltz
Media-105207_112,Quickstep,1.0,1.4142135623730951,2,2,Quickstep
Media-105207_26,Quickstep,2.0,0.5,0,7,Waltz
Media-105207_51,Quickstep,1.0,0.7071067811865476,3,7,Waltz
Media-105207_06,Quickstep,-1.0,0.5,4,7,Waltz
Media-105207_132,Quickstep,0.0,2.0,4,3,Rumba
Media-105207_10,Quickstep,-1.0,0.5,2,7,Waltz
Media-105207_124,Quickstep,-2.0,2.0,2,7,Waltz
Media-105207_47,Quickstep,0.0,0.7071067811865476,5,7,Waltz
Media-105207_108,Quickstep,1.0,1.4142135623730951,4,2,Quickstep
Media-105207_84,Quickstep,2.0,1.0,4,5,Tango
Media-105207_92,Quickstep,-2.0,1.4142135623730951,0,5,Tango
Media-105207_149,Quickstep,2.0,2.0,5,7,Waltz
Media-105207_148,Quickstep,2.0,2.0,2,3,Rumba
Media-105207_93,Quickstep,-2.0,1.4142135623730951,3,5,Tango
Media-105207_85,Quickstep,2.0,1.0,1,7,Waltz
Media-105207_109,Quickstep,1.0,1.4142135623730951,1,2,Quickstep
Media-105207_46,Quickstep,0.0,0.7071067811865476,2,7,Waltz
Media-105207_125,Quickstep,-2.0,2.0,5,7,Waltz
Media-105207_11,Quickstep,-1.0,0.5,5,7,Waltz
Media-105207_133,Quickstep,0.0,2.0,1,7,Waltz
Media-105207_07,Quickstep,-1.0,0.5,1,7,Waltz
Media-105207_50,Quickstep,1.0,0.7071067811865476,0,7,Waltz
Media-105207_27,Quickstep,2.0,0.5,3,7,Waltz
Media-105207_113,Quickstep,1.0,1.4142135623730951,5,2,Quickstep
Media-105207_70,Quickstep,-1.0,1.0,2,5,Tango
Media-105207_144,Quickstep,2.0,2.0,4,3,Rumba
Media-105207_89,Quickstep,2.0,1.0,5,7,Waltz
Media-105207_66,Quickstep,-1.0,1.0,4,5,Tango
Media-105207_31,Quickstep,-2.0,0.7071067811865476,1,6,VienneseWaltz
Media-105207_105,Quickstep,0.0,1.4142135623730951,3,2,Quickstep
Media-105207_129,Quickstep,-1.0,2.0,3,7,Waltz
Media-105207_57,Quickstep,2.0,0.7071067811865476,3,7,Waltz
Media-105207_00,Quickstep,-2.0,0.5,4,7,Waltz
Media-105207_134,Quickstep,0.0,2.0,0,7,Waltz
Media-105207_16,Quickstep,0.0,0.5,2,7,Waltz
Media-105207_122,Quickstep,-2.0,2.0,0,7,Waltz
Media-105207_41,Quickstep,-1.0,0.7071067811865476,5,7,Waltz
Media-105207_82,Quickstep,1.0,1.0,2,7,Waltz
Media-105207_94,Quickstep,-2.0,1.4142135623730951,2,2,Quickstep
Media-105207_118,Quickstep,2.0,1.4142135623730951,2,2,Quickstep
Media-105207_138,Quickstep,1.0,2.0,4,1,Jive
Media-105207_102,Quickstep,0.0,1.4142135623730951,4,2,Quickstep
Media-105207_36,Quickstep,-1.0,0.7071067811865476,4,6,VienneseWaltz
Media-105207_61,Quickstep,-2.0,1.0,1,7,Waltz
Media-105207_143,Quickstep,1.0,2.0,5,7,Waltz
Media-105207_98,Quickstep,-1.0,1.4142135623730951,0,5,Tango
Media-105207_77,Quickstep,0.0,1.0,5,7,Waltz
Media-105207_114,Quickstep,2.0,1.4142135623730951,4,2,Quickstep
Media-105207_20,Quickstep,1.0,0.5,0,7,Waltz
Media-105207_21,Quickstep,1.0,0.5,3,7,Waltz
Media-105207_115,Quickstep,2.0,1.4142135623730951,1,2,Quickstep
Media-105207_99,Quickstep,-1.0,1.4142135623730951,3,5,Tango
Media-105207_76,Quickstep,0.0,1.0,2,6,VienneseWaltz
Media-105207_142,Quickstep,1.0,2.0,2,2,Quickstep
Media-105207_60,Quickstep,-2.0,1.0,4,5,Tango
Media-105207_37,Quickstep,-1.0,0.7071067811865476,1,7,Waltz
Media-105207_103,Quickstep,0.0,1.4142135623730951,1,2,Quickstep
Media-105207_139,Quickstep,1.0,2.0,1,7,Waltz
Media-105207_119,Quickstep,2.0,1.4142135623730951,5,2,Quickstep
Media-105207_95,Quickstep,-2.0,1.4142135623730951,5,5,Tango
Media-105207_83,Quickstep,1.0,1.0,5,7,Waltz
Media-105207_40,Quickstep,-1.0,0.7071067811865476,2,6,VienneseWaltz
Media-105207_123,Quickstep,-2.0,2.0,3,7,Waltz
Media-105207_17,Quickstep,0.0,0.5,5,7,Waltz
Media-105207_135,Quickstep,0.0,2.0,3,7,Waltz
Media-105207_01,Quickstep,-2.0,0.5,1,7,Waltz
Media-105207_56,Quickstep,2.0,0.7071067811865476,0,7,Waltz
